#
# A fatal error has been detected by the Java Runtime Environment:
#
#  EXCEPTION_ACCESS_VIOLATION (0xc0000005) at pc=0x00007ffa1f21b0f6, pid=10756, tid=20036
#
# JRE version: OpenJDK Runtime Environment Temurin-22.0.2+9 (22.0.2+9) (build 22.0.2+9)
# Java VM: OpenJDK 64-Bit Server VM Temurin-22.0.2+9 (22.0.2+9, mixed mode, sharing, tiered, compressed oops, compressed class ptrs, g1 gc, windows-amd64)
# Problematic frame:
# C  [awt.dll+0xdb0f6]
#
# No core dump will be written. Minidumps are not enabled by default on client versions of Windows
#
# If you would like to submit a bug report, please visit:
#   https://github.com/adoptium/adoptium-support/issues
# The crash happened outside the Java Virtual Machine in native code.
# See problematic frame for where to report the bug.
#

---------------  S U M M A R Y ------------

Command Line: -Dclassworlds.conf=C:\Users\VWAUCCY\dev\msf\.maven\maven\bin\m2.conf -Dmaven.home=C:\Users\VWAUCCY\dev\msf\.maven\maven -Dlibrary.jansi.path=C:\Users\VWAUCCY\dev\msf\.maven\maven\lib\jansi-native -Dmaven.multiModuleProjectDirectory=C:\Users\VWAUCCY\dev\msf\projects\Dissertation\matsim-libs\contribs\drt-demand-extraction org.codehaus.plexus.classworlds.launcher.Launcher exec:java -o -Dexec.mainClass=org.matsim.contrib.demand_extraction.run.RunBavariaBaseSimulation -Dexec.args=--scenario-path C:\Users\VWAUCCY\dev\msf\projects\Dissertation\matsim_scenarios\bavaria\output\kelheim_30km_100pct --population C:\Users\VWAUCCY\dev\msf\projects\Dissertation\matsim_scenarios\bavaria\output\populations\population_1pct_kelheim30km.xml.gz --sample 100 --capacity 3 --iterations 60 --dmc-start-rate 0.20 --dmc-end-rate 0.05 --output-dir C:\Users\VWAUCCY\dev\msf\projects\Dissertation\matsim_scenarios\bavaria\calibration\boptx\work_base\c29c098fa0a3ed5e766b39d437541188\output --asc-overrides C:\Users\VWAUCCY\dev\msf\projects\Dissertation\matsim_scenarios\bavaria\calibration\boptx\work_base\c29c098fa0a3ed5e766b39d437541188\asc_overrides.json -Denforcer.skip=true

Host: Intel(R) Xeon(R) Gold 6234 CPU @ 3.30GHz, 16 cores, 127G,  Windows 11 , 64 bit Build 26100 (10.0.26100.7920)
Time: Fri Apr  3 10:28:37 2026 Mitteleuropäische Sommerzeit elapsed time: 214.233925 seconds (0d 0h 3m 34s)

---------------  T H R E A D  ---------------

Current thread (0x000001a47fc015a0):  JavaThread "AWT-EventQueue-0"        [_thread_in_native, id=20036, stack(0x0000000125700000,0x0000000125800000) (1024K)]

Stack: [0x0000000125700000,0x0000000125800000],  sp=0x00000001257fe8e0,  free space=1018k
Native frames: (J=compiled Java code, j=interpreted, Vv=VM code, C=native code)
C  [awt.dll+0xdb0f6]  (no source info available)
C  [awt.dll+0xdc932]  (no source info available)
C  0x000001a475bcd0e7  (no source info available)

The last pc belongs to native method entry point (kind = native) (printed below).
Java frames: (J=compiled Java code, j=interpreted, Vv=VM code)
j  sun.awt.Win32GraphicsDevice.initNativeScale(I)V+0 java.desktop@22.0.2
j  sun.awt.Win32GraphicsDevice.initScaleFactors()V+60 java.desktop@22.0.2
j  sun.awt.Win32GraphicsDevice.displayChanged()V+16 java.desktop@22.0.2
j  sun.java2d.d3d.D3DGraphicsDevice.displayChanged()V+1 java.desktop@22.0.2
j  sun.awt.Win32GraphicsEnvironment.displayChanged()V+271 java.desktop@22.0.2
j  sun.awt.windows.WToolkit.lambda$displayChanged$4()V+15 java.desktop@22.0.2
j  sun.awt.windows.WToolkit$$Lambda+0x000001a481735370.run()V+0 java.desktop@22.0.2
j  java.awt.event.InvocationEvent.dispatch()V+47 java.desktop@22.0.2
j  java.awt.EventQueue.dispatchEventImpl(Ljava/awt/AWTEvent;Ljava/lang/Object;)V+21 java.desktop@22.0.2
j  java.awt.EventQueue$4.run()Ljava/lang/Void;+32 java.desktop@22.0.2
j  java.awt.EventQueue$4.run()Ljava/lang/Object;+1 java.desktop@22.0.2
J 6313 c1 java.security.AccessController.doPrivileged(Ljava/security/PrivilegedAction;Ljava/security/AccessControlContext;)Ljava/lang/Object; java.base@22.0.2 (17 bytes) @ 0x000001a46f500dec [0x000001a46f500c00+0x00000000000001ec]
j  java.security.ProtectionDomain$JavaSecurityAccessImpl.doIntersectionPrivilege(Ljava/security/PrivilegedAction;Ljava/security/AccessControlContext;Ljava/security/AccessControlContext;)Ljava/lang/Object;+18 java.base@22.0.2
j  java.awt.EventQueue.dispatchEvent(Ljava/awt/AWTEvent;)V+46 java.desktop@22.0.2
j  java.awt.EventDispatchThread.pumpOneEventForFilters(I)V+81 java.desktop@22.0.2
j  java.awt.EventDispatchThread.pumpEventsForFilter(ILjava/awt/Conditional;Ljava/awt/EventFilter;)V+35 java.desktop@22.0.2
j  java.awt.EventDispatchThread.pumpEventsForHierarchy(ILjava/awt/Conditional;Ljava/awt/Component;)V+11 java.desktop@22.0.2
j  java.awt.EventDispatchThread.pumpEvents(ILjava/awt/Conditional;)V+4 java.desktop@22.0.2
j  java.awt.EventDispatchThread.pumpEvents(Ljava/awt/Conditional;)V+3 java.desktop@22.0.2
j  java.awt.EventDispatchThread.run()V+9 java.desktop@22.0.2
v  ~StubRoutines::call_stub 0x000001a475bc100d

siginfo: EXCEPTION_ACCESS_VIOLATION (0xc0000005), reading address 0x0000656b6f760082


Registers:
RAX=0x0000656b6f760032, RBX=0x000001a4c95d1ea0, RCX=0x0000656b6f760032, RDX=0x0000000000000000
RSP=0x00000001257fe8e0, RBP=0x00000001257fe9c0, RSI=0x0000000000000000, RDI=0x0000000000000000
R8 =0x0000000000000001, R9 =0x00000001211ab000, R10=0x000001a475bcd0b8, R11=0x0000000000000100
R12=0x0000001000000000, R13=0x000001a4c4140a98, R14=0x00000001257fe9e8, R15=0x000001a47fc015a0
RIP=0x00007ffa1f21b0f6, EFLAGS=0x0000000000010202


Register to memory mapping:

RAX=0x0000656b6f760032 is an unknown value
RBX=0x000001a4c95d1ea0 points into unknown readable memory: 0x000001a4c5864f20 | 20 4f 86 c5 a4 01 00 00
RCX=0x0000656b6f760032 is an unknown value
RDX=0x0 is null
RSP=0x00000001257fe8e0 is pointing into the stack for thread: 0x000001a47fc015a0
RBP=0x00000001257fe9c0 is pointing into the stack for thread: 0x000001a47fc015a0
RSI=0x0 is null
RDI=0x0 is null
R8 =0x0000000000000001 is an unknown value
R9 =0x00000001211ab000 points into unknown readable memory: 0x0000000000000000 | 00 00 00 00 00 00 00 00
R10=0x000001a475bcd0b8 is at code_begin+1016 in an Interpreter codelet
native method entry point (kind = native)  [0x000001a475bcccc0, 0x000001a475bcd8f0]  3120 bytes
R11=0x0000000000000100 is an unknown value
R12=0x0000001000000000 is an unknown value
R13={method} {0x000001a4c4140aa0} 'initNativeScale' '(I)V' in 'sun/awt/Win32GraphicsDevice'
R14=0x00000001257fe9e8 is pointing into the stack for thread: 0x000001a47fc015a0
R15=0x000001a47fc015a0 is a thread

Top of Stack: (sp=0x00000001257fe8e0)
0x00000001257fe8e0:   000001a4c95d1ea0 00007ffa1fb6b34c
0x00000001257fe8f0:   000001a47f159e80 000001a4c95d1ea0
0x00000001257fe900:   000001a4c95d1ea0 00007ffa1f21c932
0x00000001257fe910:   00007ffa1f279848 000001a4c4140a98
0x00000001257fe920:   00000001257fe9d0 000001a47f039890
0x00000001257fe930:   000001a475bc8a5a 000001a475bcd0e7
0x00000001257fe940:   000001a4c4140a98 0000000000000001
0x00000001257fe950:   000001a47fc015a0 000001a475bc8a5a
0x00000001257fe960:   0000000000000000 00007ffa1ffdddf9
0x00000001257fe970:   00000001257feab0 fffffffffffffff7
0x00000001257fe980:   0000000000000000 0000000000000005
0x00000001257fe990:   000001a4c4143c48 0000000000000000
0x00000001257fe9a0:   00000010cac2ef68 000001a4c4140a98
0x00000001257fe9b0:   0000000000000000 00000001257fe9e0
0x00000001257fe9c0:   00000001257fea38 000001a475bc88c0
0x00000001257fe9d0:   0000000000000000 000001a475bca517
0x00000001257fe9e0:   0000000000000000 00000010cac58738
0x00000001257fe9f0:   fffffffffffffff7 000001a4c41410ec
0x00000001257fea00:   0000000000000002 000001a4c4143c48
0x00000001257fea10:   0000000000000000 00000010cac2ef68
0x00000001257fea20:   000001a4c4141138 fffffffffffffff5
0x00000001257fea30:   00000001257fea48 00000001257fea98
0x00000001257fea40:   000001a475bc88c0 00000010cac58738
0x00000001257fea50:   fffffffffffffff7 000001a4c41429b0
0x00000001257fea60:   0000000000000003 000001a4c4143c48
0x00000001257fea70:   0000000000000000 00000010cac2ef68
0x00000001257fea80:   000001a4c41429f8 fffffffffffffff6
0x00000001257fea90:   00000001257feab0 00000001257feb00
0x00000001257feaa0:   000001a475bc88c0 0000000000000000
0x00000001257feab0:   00000010cac58738 fffffffffffffff7
0x00000001257feac0:   000001a4c413f0b1 0000000000000002
0x00000001257fead0:   000001a4c41444b0 0000000000000000 

Instructions: (pc=0x00007ffa1f21b0f6)
0x00007ffa1f21aff6:   11 45 d4 0f 11 45 e4 0f 11 45 f4 89 45 04 c7 45
0x00007ffa1f21b006:   a0 68 00 00 00 0f 11 44 24 34 0f 11 44 24 44 0f
0x00007ffa1f21b016:   11 44 24 54 0f 11 44 24 64 0f 11 44 24 74 0f 11
0x00007ffa1f21b026:   45 84 89 45 94 c7 44 24 30 68 00 00 00 48 8d 55
0x00007ffa1f21b036:   a0 49 8b ce ff 15 88 7d 06 00 85 c0 74 41 48 8d
0x00007ffa1f21b046:   54 24 30 48 8b ce ff 15 76 7d 06 00 85 c0 74 2f
0x00007ffa1f21b056:   48 8d 54 24 34 48 8d 4d a4 ff 15 ab 78 06 00 85
0x00007ffa1f21b066:   c0 74 1c 48 8d 54 24 44 48 8d 4d b4 ff 15 98 78
0x00007ffa1f21b076:   06 00 85 c0 74 09 8b 44 24 54 39 45 c4 74 11 ff
0x00007ffa1f21b086:   c7 3b 7b 0c 0f 8c 40 ff ff ff 8b 3d 0a b3 06 00
0x00007ffa1f21b096:   48 8b cb e8 02 ce f4 ff 90 8b c7 48 8b 4d 10 48
0x00007ffa1f21b0a6:   33 cc e8 53 02 01 00 4c 8d 9c 24 20 01 00 00 49
0x00007ffa1f21b0b6:   8b 5b 28 49 8b 73 30 49 8b e3 41 5e 5f 5d c3 cc
0x00007ffa1f21b0c6:   cc cc cc cc cc cc cc cc cc cc 48 8b 41 08 48 8b
0x00007ffa1f21b0d6:   80 18 0c 00 00 c3 cc cc cc cc 48 8b 41 08 48 05
0x00007ffa1f21b0e6:   00 04 00 00 c3 cc cc cc cc cc 40 53 48 83 ec 20
0x00007ffa1f21b0f6:   83 79 50 00 48 8b d9 75 56 48 8b 49 28 4c 8d 44
0x00007ffa1f21b106:   24 38 48 8d 54 24 30 c7 44 24 30 00 00 80 bf c7
0x00007ffa1f21b116:   44 24 38 00 00 80 bf e8 be e1 00 00 f3 0f 10 54
0x00007ffa1f21b126:   24 30 0f 57 c0 0f 2f d0 76 25 f3 0f 10 4c 24 38
0x00007ffa1f21b136:   0f 2f c8 76 1a f3 0f 5e 15 d9 9b 02 00 f3 0f 5e
0x00007ffa1f21b146:   0d d1 9b 02 00 f3 0f 11 53 48 f3 0f 11 4b 4c 48
0x00007ffa1f21b156:   83 c4 20 5b c3 cc cc cc cc cc 48 89 5c 24 10 48
0x00007ffa1f21b166:   89 74 24 18 48 89 7c 24 20 41 56 48 83 ec 40 48
0x00007ffa1f21b176:   8b d9 48 83 79 18 00 75 14 b9 28 04 00 00 e8 97
0x00007ffa1f21b186:   97 00 00 48 89 43 18 c7 00 28 00 00 00 48 8b 43
0x00007ffa1f21b196:   18 33 ff 66 89 78 0e 48 8b 4b 28 e8 5a 03 00 00
0x00007ffa1f21b1a6:   48 8b f0 ba 01 00 00 00 44 8b c2 48 8b c8 ff 15
0x00007ffa1f21b1b6:   76 74 06 00 4c 8b f0 89 7c 24 30 48 8b 4b 18 48
0x00007ffa1f21b1c6:   89 4c 24 28 48 89 7c 24 20 44 8d 4f 01 45 33 c0
0x00007ffa1f21b1d6:   48 8b d0 48 8b ce ff 15 2e 75 06 00 48 8b 53 30
0x00007ffa1f21b1e6:   48 8b 0b 83 79 04 08 0f 8e 01 02 00 00 f6 42 24 


Stack slot to memory mapping:

stack at sp + 0 slots: 0x000001a4c95d1ea0 points into unknown readable memory: 0x000001a4c5864f20 | 20 4f 86 c5 a4 01 00 00
stack at sp + 1 slots: 0x00007ffa1fb6b34c jvm.dll
stack at sp + 2 slots: 0x000001a47f159e80 points into unknown readable memory: 0x00007ffa2036b1f8 | f8 b1 36 20 fa 7f 00 00
stack at sp + 3 slots: 0x000001a4c95d1ea0 points into unknown readable memory: 0x000001a4c5864f20 | 20 4f 86 c5 a4 01 00 00
stack at sp + 4 slots: 0x000001a4c95d1ea0 points into unknown readable memory: 0x000001a4c5864f20 | 20 4f 86 c5 a4 01 00 00
stack at sp + 5 slots: 0x00007ffa1f21c932 awt.dll
stack at sp + 6 slots: 0x00007ffa1f279848 awt.dll
stack at sp + 7 slots: {method} {0x000001a4c4140aa0} 'initNativeScale' '(I)V' in 'sun/awt/Win32GraphicsDevice'

native method entry point (kind = native)  [0x000001a475bcccc0, 0x000001a475bcd8f0]  3120 bytes
[MachCode]
  0x000001a475bcccc0: 488b 4b08 | 0fb7 492e | 584c 8d74 | ccf8 6800 | 0000 0068 | 0000 0000 | 5055 488b | ec41 5568 
  0x000001a475bccce0: 0000 0000 | 4c8b 6b08 | 4d8d 6d38 | 5348 8b53 | 0848 8b52 | 0848 8b52 | 1848 8b52 | 7048 8b12 
  0x000001a475bccd00: 5248 8b53 | 1048 85d2 | 0f84 0700 | 0000 4881 | c210 0100 | 0052 488b | 5308 488b | 5208 488b 
  0x000001a475bccd20: 5210 5249 | 8bc6 482b | c548 c1e8 | 0350 6800 | 0000 0068 | f7ff ffff | 41c6 8781 | 0400 0001 
  0x000001a475bccd40: 488b 4310 | 4885 c074 | 208b 88cc | 0000 0083 | c102 8988 | cc00 0000 | 2388 e000 | 0000 0f84 
  0x000001a475bccd60: d90a 0000 | e9cf 0000 | 0048 8b43 | 1848 85c0 | 0f85 b000 | 0000 e805 | 0000 00e9 | 9900 0000 
  0x000001a475bccd80: 488b d348 | 8d44 2408 | 4c89 6dc0 | 498b cfc5 | f877 4989 | afb0 0300 | 0049 8987 | a003 0000 
  0x000001a475bccda0: 4883 ec20 | 40f6 c40f | 0f84 1900 | 0000 4883 | ec08 48b8 | 800f d21f | fa7f 0000 | ffd0 4883 
  0x000001a475bccdc0: c408 e90c | 0000 0048 | b880 0fd2 | 1ffa 7f00 | 00ff d048 | 83c4 2049 | c787 a003 | 0000 0000 
  0x000001a475bccde0: 0000 49c7 | 87b0 0300 | 0000 0000 | 0049 c787 | a803 0000 | 0000 0000 | c5f8 7749 | 837f 0800 
  0x000001a475bcce00: 0f84 0500 | 0000 e9f5 | 40ff ff4c | 8b6d c04c | 8b75 c84e | 8d74 f500 | c348 8b43 | 1848 85c0 
  0x000001a475bcce20: 0f84 1200 | 0000 8b48 | 0883 c102 | 8948 0823 | 481c 0f84 | 050a 0000 | 493b a7f0 | 0400 000f 
  0x000001a475bcce40: 8748 0000 | 0089 8424 | 00f0 ffff | 8984 2400 | e0ff ff89 | 8424 00d0 | ffff 8984 | 2400 c0ff 
  0x000001a475bcce60: ff89 8424 | 00b0 ffff | 8984 2400 | a0ff ff89 | 8424 0090 | ffff 8984 | 2400 80ff | ff49 3ba7 
  0x000001a475bcce80: e804 0000 | 7607 4989 | a7f0 0400 | 0041 c687 | 8104 0000 | 0049 ba4c | 845f 20fa | 7f00 0041 
  0x000001a475bccea0: 803a 000f | 843e 0000 | 0048 8b55 | e849 8bcf | 4883 ec20 | 40f6 c40f | 0f84 1900 | 0000 4883 
  0x000001a475bccec0: ec08 48b8 | 5046 0920 | fa7f 0000 | ffd0 4883 | c408 e90c | 0000 0048 | b850 4609 | 20fa 7f00 
  0x000001a475bccee0: 00ff d048 | 83c4 2048 | 8b5d e84c | 8b5b 0845 | 0fb7 5b2e | 41c1 e303 | 492b e348 | 83ec 2048 
  0x000001a475bccf00: 83e4 f04c | 8b5b 604d | 85db 0f85 | ab00 0000 | e805 0000 | 00e9 9900 | 0000 488b | d348 8d44 
  0x000001a475bccf20: 2408 4c89 | 6dc0 498b | cfc5 f877 | 4989 afb0 | 0300 0049 | 8987 a003 | 0000 4883 | ec20 40f6 
  0x000001a475bccf40: c40f 0f84 | 1900 0000 | 4883 ec08 | 48b8 a036 | d21f fa7f | 0000 ffd0 | 4883 c408 | e90c 0000 
  0x000001a475bccf60: 0048 b8a0 | 36d2 1ffa | 7f00 00ff | d048 83c4 | 2049 c787 | a003 0000 | 0000 0000 | 49c7 87b0 
  0x000001a475bccf80: 0300 0000 | 0000 0049 | c787 a803 | 0000 0000 | 0000 c5f8 | 7749 837f | 0800 0f84 | 0500 0000 
  0x000001a475bccfa0: e95b 3fff | ff4c 8b6d | c04c 8b75 | c84e 8d74 | f500 c348 | 8b5d e84c | 8b5b 6041 | ffd3 488b 
  0x000001a475bccfc0: 5de8 4889 | 4518 448b | 5b28 41f6 | c308 0f84 | 1b00 0000 | 4c8b 5b08 | 4d8b 5b08 | 4d8b 5b18 
  0x000001a475bccfe0: 4d8b 5b70 | 4d8b 1b4c | 895d 1048 | 8d55 1048 | 8b43 5849 | ba40 9c09 | 20fa 7f00 | 0049 3bc2 
  0x000001a475bcd000: 0f85 ab00 | 0000 e805 | 0000 00e9 | 9900 0000 | 488b d348 | 8d44 2408 | 4c89 6dc0 | 498b cfc5 
  0x000001a475bcd020: f877 4989 | afb0 0300 | 0049 8987 | a003 0000 | 4883 ec20 | 40f6 c40f | 0f84 1900 | 0000 4883 
  0x000001a475bcd040: ec08 48b8 | a036 d21f | fa7f 0000 | ffd0 4883 | c408 e90c | 0000 0048 | b8a0 36d2 | 1ffa 7f00 
  0x000001a475bcd060: 00ff d048 | 83c4 2049 | c787 a003 | 0000 0000 | 0000 49c7 | 87b0 0300 | 0000 0000 | 0049 c787 
  0x000001a475bcd080: a803 0000 | 0000 0000 | c5f8 7749 | 837f 0800 | 0f84 0500 | 0000 e965 | 3eff ff4c | 8b6d c04c 
  0x000001a475bcd0a0: 8b75 c84e | 8d74 f500 | c348 8b5d | e848 8b43 | 5849 8d8f | c003 0000 | c5f8 7749 | 89af b003 
  0x000001a475bcd0c0: 0000 49ba | b8d0 bc75 | a401 0000 | 4d89 97a8 | 0300 0049 | 89a7 a003 | 0000 41c7 | 8754 0400 
  0x000001a475bcd0e0: 0004 0000 | 00ff d0c5 | f877 4883 | ec10 c5fb | 1104 2448 | 83ec 1048 | 8904 2448 | c744 2408 
  0x000001a475bcd100: 0000 0000 | 41c7 8754 | 0400 0005 | 0000 00f0 | 8344 24c0 | 0049 3baf | 5804 0000 | 0f87 0e00 
  0x000001a475bcd120: 0000 4183 | bf50 0400 | 0000 0f84 | 2700 0000 | 498b cf4c | 8be4 4883 | ec20 4883 | e4f0 48b8 
  0x000001a475bcd140: d08b d31f | fa7f 0000 | ffd0 498b | e449 bc00 | 0000 0010 | 0000 0041 | c787 5404 | 0000 0800 
  0x000001a475bcd160: 0000 49c7 | 87a0 0300 | 0000 0000 | 0049 c787 | b003 0000 | 0000 0000 | 49c7 87a8 | 0300 0000 
  0x000001a475bcd180: 0000 00c5 | f877 4d8b | 9f30 0400 | 0041 c783 | 0001 0000 | 0000 0000 | 49bb 1aa5 | bc75 a401 
  0x000001a475bcd1a0: 0000 4c3b | 5d18 0f85 | 2403 0000 | 488b 0424 | 4883 c410 | 4885 c00f | 84fe 0200 | 00a8 030f 
  0x000001a475bcd1c0: 8508 0000 | 0048 8b00 | e9ee 0200 | 00a8 010f | 8509 0000 | 0048 8b40 | fee9 dd02 | 0000 488b 
  0x000001a475bcd1e0: 40ff 4180 | 7f38 000f | 84ce 0200 | 0048 83f8 | 000f 84c4 | 0200 004d | 8b5f 2849 | 83fb 000f 
  0x000001a475bcd200: 8414 0000 | 0049 83eb | 084d 895f | 284d 035f | 3049 8903 | e9a2 0200 | 0048 81ec | 5001 0000 
  0x000001a475bcd220: 4889 0424 | 4889 4c24 | 0848 8954 | 2410 4889 | 7424 1848 | 897c 2420 | 4c89 4424 | 284c 894c 
  0x000001a475bcd240: 2430 4c89 | 5424 384c | 895c 2440 | c5fb 1144 | 2450 c5fb | 114c 2458 | c5fb 1154 | 2460 c5fb 
  0x000001a475bcd260: 115c 2468 | c5fb 1164 | 2470 c5fb | 116c 2478 | c5fb 11b4 | 2480 0000 | 00c5 fb11 | bc24 8800 
  0x000001a475bcd280: 0000 c57b | 1184 2490 | 0000 00c5 | 7b11 8c24 | 9800 0000 | c57b 1194 | 24a0 0000 | 00c5 7b11 
  0x000001a475bcd2a0: 9c24 a800 | 0000 c57b | 11a4 24b0 | 0000 00c5 | 7b11 ac24 | b800 0000 | c57b 11b4 | 24c0 0000 
  0x000001a475bcd2c0: 00c5 7b11 | bc24 c800 | 0000 62e1 | ff08 1144 | 241a 62e1 | ff08 114c | 241b 62e1 | ff08 1154 
  0x000001a475bcd2e0: 241c 62e1 | ff08 115c | 241d 62e1 | ff08 1164 | 241e 62e1 | ff08 116c | 241f 62e1 | ff08 1174 
  0x000001a475bcd300: 2420 62e1 | ff08 117c | 2421 6261 | ff08 1144 | 2422 6261 | ff08 114c | 2423 6261 | ff08 1154 
  0x000001a475bcd320: 2424 6261 | ff08 115c | 2425 6261 | ff08 1164 | 2426 6261 | ff08 116c | 2427 6261 | ff08 1174 
  0x000001a475bcd340: 2428 6261 | ff08 117c | 2429 498b | d748 8bc8 | 4883 ec20 | 40f6 c40f | 0f84 1900 | 0000 4883 
  0x000001a475bcd360: ec08 48b8 | 00b6 c61f | fa7f 0000 | ffd0 4883 | c408 e90c | 0000 0048 | b800 b6c6 | 1ffa 7f00 
  0x000001a475bcd380: 00ff d048 | 83c4 2062 | 61ff 0810 | 7c24 2962 | 61ff 0810 | 7424 2862 | 61ff 0810 | 6c24 2762 
  0x000001a475bcd3a0: 61ff 0810 | 6424 2662 | 61ff 0810 | 5c24 2562 | 61ff 0810 | 5424 2462 | 61ff 0810 | 4c24 2362 
  0x000001a475bcd3c0: 61ff 0810 | 4424 2262 | e1ff 0810 | 7c24 2162 | e1ff 0810 | 7424 2062 | e1ff 0810 | 6c24 1f62 
  0x000001a475bcd3e0: e1ff 0810 | 6424 1e62 | e1ff 0810 | 5c24 1d62 | e1ff 0810 | 5424 1c62 | e1ff 0810 | 4c24 1b62 
  0x000001a475bcd400: e1ff 0810 | 4424 1ac5 | 7b10 bc24 | c800 0000 | c57b 10b4 | 24c0 0000 | 00c5 7b10 | ac24 b800 
  0x000001a475bcd420: 0000 c57b | 10a4 24b0 | 0000 00c5 | 7b10 9c24 | a800 0000 | c57b 1094 | 24a0 0000 | 00c5 7b10 
  0x000001a475bcd440: 8c24 9800 | 0000 c57b | 1084 2490 | 0000 00c5 | fb10 bc24 | 8800 0000 | c5fb 10b4 | 2480 0000 
  0x000001a475bcd460: 00c5 fb10 | 6c24 78c5 | fb10 6424 | 70c5 fb10 | 5c24 68c5 | fb10 5424 | 60c5 fb10 | 4c24 58c5 
  0x000001a475bcd480: fb10 4424 | 504c 8b5c | 2440 4c8b | 5424 384c | 8b4c 2430 | 4c8b 4424 | 2848 8b7c | 2420 488b 
  0x000001a475bcd4a0: 7424 1848 | 8b54 2410 | 488b 4c24 | 0848 8b04 | 2448 81c4 | 5001 0000 | c5f8 7748 | 8945 1048 
  0x000001a475bcd4c0: 83ec 1048 | 8904 2448 | c744 2408 | 0000 0000 | 4183 bfd0 | 0400 0002 | 0f85 c600 | 0000 4881 
  0x000001a475bcd4e0: ec80 0000 | 0048 8944 | 2478 4889 | 4c24 7048 | 8954 2468 | 4889 5c24 | 6048 896c | 2450 4889 
  0x000001a475bcd500: 7424 4848 | 897c 2440 | 4c89 4424 | 384c 894c | 2430 4c89 | 5424 284c | 895c 2420 | 4c89 6424 
  0x000001a475bcd520: 184c 896c | 2410 4c89 | 7424 084c | 893c 244c | 8be4 4883 | ec20 4883 | e4f0 48b8 | 907e 0920 
  0x000001a475bcd540: fa7f 0000 | ffd0 498b | e44c 8b3c | 244c 8b74 | 2408 4c8b | 6c24 104c | 8b64 2418 | 4c8b 5c24 
  0x000001a475bcd560: 204c 8b54 | 2428 4c8b | 4c24 304c | 8b44 2438 | 488b 7c24 | 4048 8b74 | 2448 488b | 6c24 5048 
  0x000001a475bcd580: 8b5c 2460 | 488b 5424 | 6848 8b4c | 2470 488b | 4424 7848 | 81c4 8000 | 0000 49bc | 0000 0000 
  0x000001a475bcd5a0: 1000 0000 | 488b 5de8 | 4c8b 6b08 | 4d8d 6d38 | 4983 7f08 | 000f 84bb | 0000 00e8 | 0500 0000 
  0x000001a475bcd5c0: e996 0000 | 0048 8d44 | 2408 4c89 | 6dc0 498b | cfc5 f877 | 4989 afb0 | 0300 0049 | 8987 a003 
  0x000001a475bcd5e0: 0000 4883 | ec20 40f6 | c40f 0f84 | 1900 0000 | 4883 ec08 | 48b8 f054 | d21f fa7f | 0000 ffd0 
  0x000001a475bcd600: 4883 c408 | e90c 0000 | 0048 b8f0 | 54d2 1ffa | 7f00 00ff | d048 83c4 | 2049 c787 | a003 0000 
  0x000001a475bcd620: 0000 0000 | 49c7 87b0 | 0300 0000 | 0000 0049 | c787 a803 | 0000 0000 | 0000 c5f8 | 7749 837f 
  0x000001a475bcd640: 0800 0f84 | 0500 0000 | e9b3 38ff | ff4c 8b6d | c04c 8b75 | c84e 8d74 | f500 c348 | b978 b135 
  0x000001a475bcd660: 20fa 7f00 | 0048 83e4 | f048 b8a0 | fef7 1ffa | 7f00 00ff | d0f4 448b | 5b28 41f6 | c320 0f84 
  0x000001a475bcd680: 4401 0000 | 488d 55a8 | 4c8b 5a08 | 4d85 db0f | 85bb 0000 | 00e8 0500 | 0000 e996 | 0000 0048 
  0x000001a475bcd6a0: 8d44 2408 | 4c89 6dc0 | 498b cfc5 | f877 4989 | afb0 0300 | 0049 8987 | a003 0000 | 4883 ec20 
  0x000001a475bcd6c0: 40f6 c40f | 0f84 1900 | 0000 4883 | ec08 48b8 | 2054 d21f | fa7f 0000 | ffd0 4883 | c408 e90c 
  0x000001a475bcd6e0: 0000 0048 | b820 54d2 | 1ffa 7f00 | 00ff d048 | 83c4 2049 | c787 a003 | 0000 0000 | 0000 49c7 
  0x000001a475bcd700: 87b0 0300 | 0000 0000 | 0049 c787 | a803 0000 | 0000 0000 | c5f8 7749 | 837f 0800 | 0f84 0500 
  0x000001a475bcd720: 0000 e9d9 | 37ff ff4c | 8b6d c04c | 8b75 c84e | 8d74 f500 | c348 b978 | b135 20fa | 7f00 0048 
  0x000001a475bcd740: 83e4 f048 | b8a0 fef7 | 1ffa 7f00 | 00ff d0f4 | 4c89 6dc0 | 488d 024c | 8b4a 0848 | c742 0800 
  0x000001a475bcd760: 0000 004c | 8b00 4d85 | c00f 840b | 0000 00f0 | 4d0f b101 | 0f85 0c00 | 0000 49ff | 8f58 0500 
  0x000001a475bcd780: 00e9 3e00 | 0000 4c89 | 4a08 488b | ca48 83ec | 2040 f6c4 | 0f0f 8419 | 0000 0048 | 83ec 0848 
  0x000001a475bcd7a0: b8a0 26d2 | 1ffa 7f00 | 00ff d048 | 83c4 08e9 | 0c00 0000 | 48b8 a026 | d21f fa7f | 0000 ffd0 
  0x000001a475bcd7c0: 4883 c420 | 4c8b 6dc0 | 49ba 4c84 | 5f20 fa7f | 0000 4180 | 3a00 0f84 | 3e00 0000 | 488b 55e8 
  0x000001a475bcd7e0: 498b cf48 | 83ec 2040 | f6c4 0f0f | 8419 0000 | 0048 83ec | 0848 b850 | 4609 20fa | 7f00 00ff 
  0x000001a475bcd800: d048 83c4 | 08e9 0c00 | 0000 48b8 | 5046 0920 | fa7f 0000 | ffd0 4883 | c420 488b | 0424 4883 
  0x000001a475bcd820: c410 c5fb | 1004 2448 | 83c4 104c | 8b5d 1841 | ffd3 4c8b | 5df8 c95f | 498b e3ff | e7ba 0000 
  0x000001a475bcd840: 0000 e805 | 0000 00e9 | 9600 0000 | 488d 4424 | 084c 896d | c049 8bcf | c5f8 7749 | 89af b003 
  0x000001a475bcd860: 0000 4989 | 87a0 0300 | 0048 83ec | 2040 f6c4 | 0f0f 8419 | 0000 0048 | 83ec 0848 | b860 1ad2 
  0x000001a475bcd880: 1ffa 7f00 | 00ff d048 | 83c4 08e9 | 0c00 0000 | 48b8 601a | d21f fa7f | 0000 ffd0 | 4883 c420 
  0x000001a475bcd8a0: 49c7 87a0 | 0300 0000 | 0000 0049 | c787 b003 | 0000 0000 | 0000 49c7 | 87a8 0300 | 0000 0000 
  0x000001a475bcd8c0: 00c5 f877 | 4983 7f08 | 000f 8405 | 0000 00e9 | 2c36 ffff | 4c8b 6dc0 | 4c8b 75c8 | 4e8d 74f5 
  0x000001a475bcd8e0: 00c3 488b | 5de8 e94d | f5ff ff0f | 1f44 0000 
[/MachCode]

Compiled method (c1) 214779 6313       3       java.security.AccessController::doPrivileged (17 bytes)
 total in heap  [0x000001a46f500a10,0x000001a46f5011a8] = 1944
 relocation     [0x000001a46f500b68,0x000001a46f500c00] = 152
 main code      [0x000001a46f500c00,0x000001a46f500f80] = 896
 stub code      [0x000001a46f500f80,0x000001a46f500ff8] = 120
 metadata       [0x000001a46f500ff8,0x000001a46f501010] = 24
 scopes data    [0x000001a46f501010,0x000001a46f5010d0] = 192
 scopes pcs     [0x000001a46f5010d0,0x000001a46f501190] = 192
 dependencies   [0x000001a46f501190,0x000001a46f501198] = 8
 nul chk table  [0x000001a46f501198,0x000001a46f5011a8] = 16

[Constant Pool (empty)]

[MachCode]
[Verified Entry Point]
  # {method} {0x000001a480434a18} 'doPrivileged' '(Ljava/security/PrivilegedAction;Ljava/security/AccessControlContext;)Ljava/lang/Object;' in 'java/security/AccessController'
  # parm0:    rdx:rdx   = 'java/security/PrivilegedAction'
  # parm1:    r8:r8     = 'java/security/AccessControlContext'
  #           [sp+0x80]  (sp of caller)
  0x000001a46f500c00: 8984 2400 | 80ff ff55 | 4883 ec70 | 4181 7f20 | 0f00 0000 

  0x000001a46f500c14: ;   {runtime_call StubRoutines (final stubs)}
  0x000001a46f500c14: 7405 e885 

  0x000001a46f500c18: ;   {metadata(method data for {method} {0x000001a480434a18} 'doPrivileged' '(Ljava/security/PrivilegedAction;Ljava/security/AccessControlContext;)Ljava/lang/Object;' in 'java/security/AccessController')}
  0x000001a46f500c18: 5e6f 0648 | beb0 9421 | c2a4 0100 | 008b becc | 0000 0083 | c702 89be | cc00 0000 | 81e7 fe07 
  0x000001a46f500c38: 0000 85ff | 0f84 7402 | 0000 4c89 | 4424 4048 | 8954 2448 

  0x000001a46f500c4c: ;   {metadata(method data for {method} {0x000001a480434a18} 'doPrivileged' '(Ljava/security/PrivilegedAction;Ljava/security/AccessControlContext;)Ljava/lang/Object;' in 'java/security/AccessController')}
  0x000001a46f500c4c: 48be b094 | 21c2 a401 | 0000 4883 | 8618 0100 

  0x000001a46f500c5c: ;   {static_call}
  0x000001a46f500c5c: 0001 90e8 

  0x000001a46f500c60: ; ImmutableOopMap {[64]=Oop [72]=Oop }
                      ;*invokestatic getCallerClass {reexecute=0 rethrow=0 return_oop=0}
                      ; - java.security.AccessController::doPrivileged@0 (line 398)
  0x000001a46f500c60: 7c49 e306 

  0x000001a46f500c64: ;   {other}
  0x000001a46f500c64: 0f1f 8400 | 5402 0000 | 4889 4424 

  0x000001a46f500c70: ;   {metadata(method data for {method} {0x000001a480434a18} 'doPrivileged' '(Ljava/security/PrivilegedAction;Ljava/security/AccessControlContext;)Ljava/lang/Object;' in 'java/security/AccessController')}
  0x000001a46f500c70: 5048 bab0 | 9421 c2a4 | 0100 0048 | 8382 2801 | 0000 0148 | 8b54 2440 | 4c8b c00f 

  0x000001a46f500c8c: ;   {static_call}
  0x000001a46f500c8c: 1f40 00e8 

  0x000001a46f500c90: ; ImmutableOopMap {[72]=Oop [80]=Oop }
                      ;*invokestatic checkContext {reexecute=0 rethrow=0 return_oop=0}
                      ; - java.security.AccessController::doPrivileged@6 (line 399)
  0x000001a46f500c90: 6c05 2507 

  0x000001a46f500c94: ;   {other}
  0x000001a46f500c94: 0f1f 8400 | 8402 0001 | 4889 4424 

  0x000001a46f500ca0: ;   {metadata(method data for {method} {0x000001a480434a18} 'doPrivileged' '(Ljava/security/PrivilegedAction;Ljava/security/AccessControlContext;)Ljava/lang/Object;' in 'java/security/AccessController')}
  0x000001a46f500ca0: 5848 bab0 | 9421 c2a4 | 0100 0048 | 8382 3801 

  0x000001a46f500cb0: ;   {metadata(method data for {method} {0x000001a480434ca0} 'executePrivileged' '(Ljava/security/PrivilegedAction;Ljava/security/AccessControlContext;Ljava/lang/Class;)Ljava/lang/Object;' in 'java/security/AccessController')}
  0x000001a46f500cb0: 0000 0148 | ba70 5310 | c1a4 0100 | 008b b2cc | 0000 0083 | c602 89b2 | cc00 0000 | 81e6 feff 
  0x000001a46f500cd0: 1f00 85f6 | 0f84 fd01 | 0000 4885 

  0x000001a46f500cdc: ;   {metadata(method data for {method} {0x000001a480434ca0} 'executePrivileged' '(Ljava/security/PrivilegedAction;Ljava/security/AccessControlContext;Ljava/lang/Class;)Ljava/lang/Object;' in 'java/security/AccessController')}
  0x000001a46f500cdc: c048 ba70 | 5310 c1a4 | 0100 0048 | c7c6 1801 | 0000 7407 | 48c7 c628 | 0100 0048 | 8b3c 3248 
  0x000001a46f500cfc: 8d7f 0148 | 893c 320f | 8423 0000 

  0x000001a46f500d08: ;   {metadata(method data for {method} {0x000001a480434ca0} 'executePrivileged' '(Ljava/security/PrivilegedAction;Ljava/security/AccessControlContext;Ljava/lang/Class;)Ljava/lang/Object;' in 'java/security/AccessController')}
  0x000001a46f500d08: 0048 ba70 | 5310 c1a4 | 0100 0048 | 8382 3801 | 0000 0148 

  0x000001a46f500d1c: ;   {static_call}
  0x000001a46f500d1c: 8bd0 90e8 

  0x000001a46f500d20: ; ImmutableOopMap {[72]=Oop [80]=Oop [88]=Oop }
                      ;*invokestatic ensureMaterializedForStackWalk {reexecute=0 rethrow=0 return_oop=0}
                      ; - java.security.AccessController::executePrivileged@5 (line 774)
                      ; - java.security.AccessController::doPrivileged@13 (line 400)
  0x000001a46f500d20: 9cc0 e206 

  0x000001a46f500d24: ;   {other}
  0x000001a46f500d24: 0f1f 8400 | 1403 0002 

  0x000001a46f500d2c: ;   {metadata(method data for {method} {0x000001a480434ca0} 'executePrivileged' '(Ljava/security/PrivilegedAction;Ljava/security/AccessControlContext;Ljava/lang/Class;)Ljava/lang/Object;' in 'java/security/AccessController')}
  0x000001a46f500d2c: 48ba 7053 | 10c1 a401 | 0000 ff82 | 4801 0000 | 488b 5424 | 4848 3b02 

  0x000001a46f500d44: ;   {metadata(method data for {method} {0x000001a480434ca0} 'executePrivileged' '(Ljava/security/PrivilegedAction;Ljava/security/AccessControlContext;Ljava/lang/Class;)Ljava/lang/Object;' in 'java/security/AccessController')}
  0x000001a46f500d44: 488b f248 | bf70 5310 | c1a4 0100 | 008b 7608 | 49ba 0000 | 0080 a401 | 0000 4903 | f248 3bb7 
  0x000001a46f500d64: b001 0000 | 750d 4883 | 87b8 0100 | 0001 e960 | 0000 0048 | 3bb7 c001 | 0000 750d | 4883 87c8 
  0x000001a46f500d84: 0100 0001 | e94a 0000 | 0048 83bf | b001 0000 | 0075 1748 | 89b7 b001 | 0000 48c7 | 87b8 0100 
  0x000001a46f500da4: 0001 0000 | 00e9 2900 | 0000 4883 | bfc0 0100 | 0000 7517 | 4889 b7c0 | 0100 0048 | c787 c801 
  0x000001a46f500dc4: 0000 0100 | 0000 e908 | 0000 0048 | 8387 a801 | 0000 0166 | 0f1f 4400 | 0048 b840 | 4cd9 c9a4 
  0x000001a46f500de4: ;   {virtual_call}
  0x000001a46f500de4: 0100 00e8 

  0x000001a46f500de8: ; ImmutableOopMap {[80]=Oop [88]=Oop }
                      ;*invokeinterface run {reexecute=0 rethrow=0 return_oop=0}
                      ; - java.security.AccessController::executePrivileged@29 (line 778)
                      ; - java.security.AccessController::doPrivileged@13 (line 400)
  0x000001a46f500de8: a406 7f06 

  0x000001a46f500dec: ;   {other}
  0x000001a46f500dec: 0f1f 8400 | dc03 0003 

  0x000001a46f500df4: ;   {metadata(method data for {method} {0x000001a480434ca0} 'executePrivileged' '(Ljava/security/PrivilegedAction;Ljava/security/AccessControlContext;Ljava/lang/Class;)Ljava/lang/Object;' in 'java/security/AccessController')}
  0x000001a46f500df4: 48ba 7053 | 10c1 a401 | 0000 ff82 | d801 0000 

  0x000001a46f500e04: ;   {metadata(method data for {method} {0x000001a480434ca0} 'executePrivileged' '(Ljava/security/PrivilegedAction;Ljava/security/AccessControlContext;Ljava/lang/Class;)Ljava/lang/Object;' in 'java/security/AccessController')}
  0x000001a46f500e04: 48ba 7053 | 10c1 a401 | 0000 4883 | 8238 0200 | 0001 488b | d048 8944 

  0x000001a46f500e1c: ;   {static_call}
  0x000001a46f500e1c: 2460 90e8 

  0x000001a46f500e20: ; ImmutableOopMap {[80]=Oop [88]=Oop [96]=Oop }
                      ;*invokestatic ensureMaterializedForStackWalk {reexecute=0 rethrow=0 return_oop=0}
                      ; - java.security.AccessController::executePrivileged@56 (line 786)
                      ; - java.security.AccessController::doPrivileged@13 (line 400)
  0x000001a46f500e20: 9cbf e206 

  0x000001a46f500e24: ;   {other}
  0x000001a46f500e24: 0f1f 8400 | 1404 0004 

  0x000001a46f500e2c: ;   {metadata(method data for {method} {0x000001a480434ca0} 'executePrivileged' '(Ljava/security/PrivilegedAction;Ljava/security/AccessControlContext;Ljava/lang/Class;)Ljava/lang/Object;' in 'java/security/AccessController')}
  0x000001a46f500e2c: 48b8 7053 | 10c1 a401 | 0000 4883 | 8048 0200 

  0x000001a46f500e3c: ;   {metadata(method data for {method} {0x000001a480037300} 'reachabilityFence' '(Ljava/lang/Object;)V' in 'java/lang/ref/Reference')}
  0x000001a46f500e3c: 0001 48b8 | 4872 08c1 | a401 0000 | 8bb0 cc00 | 0000 83c6 | 0289 b0cc | 0000 0081 | e6fe ff1f 
  0x000001a46f500e5c: 0085 f60f | 8498 0000 

  0x000001a46f500e64: ;   {metadata(method data for {method} {0x000001a480434ca0} 'executePrivileged' '(Ljava/security/PrivilegedAction;Ljava/security/AccessControlContext;Ljava/lang/Class;)Ljava/lang/Object;' in 'java/security/AccessController')}
  0x000001a46f500e64: 0048 b870 | 5310 c1a4 | 0100 0048 | 8380 5802 

  0x000001a46f500e74: ;   {metadata(method data for {method} {0x000001a480037300} 'reachabilityFence' '(Ljava/lang/Object;)V' in 'java/lang/ref/Reference')}
  0x000001a46f500e74: 0000 0148 | b848 7208 | c1a4 0100 | 008b b0cc | 0000 0083 | c602 89b0 | cc00 0000 | 81e6 feff 
  0x000001a46f500e94: 1f00 85f6 | 0f84 8000 | 0000 488b | 4424 6048 | 83c4 705d 

  0x000001a46f500ea8: ;   {poll_return}
  0x000001a46f500ea8: 493b a758 | 0400 000f | 878a 0000 

  0x000001a46f500eb4: ;   {metadata({method} {0x000001a480434a18} 'doPrivileged' '(Ljava/security/PrivilegedAction;Ljava/security/AccessControlContext;)Ljava/lang/Object;' in 'java/security/AccessController')}
  0x000001a46f500eb4: 00c3 49ba | 104a 4380 | a401 0000 | 4c89 5424 | 0848 c704 | 24ff ffff 

  0x000001a46f500ecc: ;   {runtime_call counter_overflow Runtime1 stub}
  0x000001a46f500ecc: ffe8 aecd 

  0x000001a46f500ed0: ; ImmutableOopMap {rdx=Oop r8=Oop }
                      ;*synchronization entry
                      ; - java.security.AccessController::doPrivileged@-1 (line 398)
  0x000001a46f500ed0: 7e06 e96b 

  0x000001a46f500ed4: ;   {metadata({method} {0x000001a480434ca0} 'executePrivileged' '(Ljava/security/PrivilegedAction;Ljava/security/AccessControlContext;Ljava/lang/Class;)Ljava/lang/Object;' in 'java/security/AccessController')}
  0x000001a46f500ed4: fdff ff49 | ba98 4c43 | 80a4 0100 | 004c 8954 | 2408 48c7 | 0424 ffff 

  0x000001a46f500eec: ;   {runtime_call counter_overflow Runtime1 stub}
  0x000001a46f500eec: ffff e88d 

  0x000001a46f500ef0: ; ImmutableOopMap {rax=Oop [72]=Oop [80]=Oop [88]=Oop }
                      ;*synchronization entry
                      ; - java.security.AccessController::executePrivileged@-1 (line 773)
                      ; - java.security.AccessController::doPrivileged@13 (line 400)
  0x000001a46f500ef0: cd7e 06e9 | e2fd ffff 

  0x000001a46f500ef8: ;   {runtime_call throw_null_pointer_exception Runtime1 stub}
  0x000001a46f500ef8: e823 587e 

  0x000001a46f500efc: ; ImmutableOopMap {rdx=Oop [80]=Oop [88]=Oop }
                      ;*invokeinterface run {reexecute=0 rethrow=0 return_oop=0}
                      ; - java.security.AccessController::executePrivileged@29 (line 778)
                      ; - java.security.AccessController::doPrivileged@13 (line 400)
                      ;   {metadata({method} {0x000001a480037300} 'reachabilityFence' '(Ljava/lang/Object;)V' in 'java/lang/ref/Reference')}
  0x000001a46f500efc: 0649 baf8 | 7203 80a4 | 0100 004c | 8954 2408 | 48c7 0424 | ffff ffff 

  0x000001a46f500f14: ;   {runtime_call counter_overflow Runtime1 stub}
  0x000001a46f500f14: e867 cd7e 

  0x000001a46f500f18: ; ImmutableOopMap {[80]=Oop [96]=Oop }
                      ;*synchronization entry
                      ; - java.lang.ref.Reference::reachabilityFence@-1 (line 628)
                      ; - java.security.AccessController::executePrivileged@60 (line 790)
                      ; - java.security.AccessController::doPrivileged@13 (line 400)
  0x000001a46f500f18: 06e9 47ff 

  0x000001a46f500f1c: ;   {metadata({method} {0x000001a480037300} 'reachabilityFence' '(Ljava/lang/Object;)V' in 'java/lang/ref/Reference')}
  0x000001a46f500f1c: ffff 49ba | f872 0380 | a401 0000 | 4c89 5424 | 0848 c704 | 24ff ffff 

  0x000001a46f500f34: ;   {runtime_call counter_overflow Runtime1 stub}
  0x000001a46f500f34: ffe8 46cd 

  0x000001a46f500f38: ; ImmutableOopMap {[96]=Oop }
                      ;*synchronization entry
                      ; - java.lang.ref.Reference::reachabilityFence@-1 (line 628)
                      ; - java.security.AccessController::executePrivileged@64 (line 791)
                      ; - java.security.AccessController::doPrivileged@13 (line 400)
  0x000001a46f500f38: 7e06 e95f 

  0x000001a46f500f3c: ;   {internal_word}
  0x000001a46f500f3c: ffff ff49 | baa8 0e50 | 6fa4 0100 | 004d 8997 | 7004 0000 

  0x000001a46f500f50: ;   {runtime_call SafepointBlob}
  0x000001a46f500f50: e92b 5c71 | 0649 8b87 | 0805 0000 | 49c7 8708 | 0500 0000 | 0000 0049 | c787 1005 | 0000 0000 
  0x000001a46f500f70: 0000 4883 

  0x000001a46f500f74: ;   {runtime_call unwind_exception Runtime1 stub}
  0x000001a46f500f74: c470 5de9 | 843c 7e06 | f4f4 f4f4 
[Stub Code]
  0x000001a46f500f80: ;   {no_reloc}
  0x000001a46f500f80: 0f1f 4400 

  0x000001a46f500f84: ;   {static_stub}
  0x000001a46f500f84: 0048 bb00 | 0000 0000 

  0x000001a46f500f8c: ;   {runtime_call}
  0x000001a46f500f8c: 0000 00e9 | fbff ffff 

  0x000001a46f500f94: ;   {static_stub}
  0x000001a46f500f94: 48bb 0000 | 0000 0000 

  0x000001a46f500f9c: ;   {runtime_call}
  0x000001a46f500f9c: 0000 e9fb 

  0x000001a46f500fa0: ;   {static_stub}
  0x000001a46f500fa0: ffff ff48 | bb00 0000 | 0000 0000 

  0x000001a46f500fac: ;   {runtime_call}
  0x000001a46f500fac: 00e9 fbff 

  0x000001a46f500fb0: ;   {static_stub}
  0x000001a46f500fb0: ffff 48bb | 0000 0000 | 0000 0000 

  0x000001a46f500fbc: ;   {runtime_call}
  0x000001a46f500fbc: e9fb ffff 

  0x000001a46f500fc0: ;   {runtime_call handle_exception_from_callee Runtime1 stub}
  0x000001a46f500fc0: ffe8 3a83 

  0x000001a46f500fc4: ;   {external_word}
  0x000001a46f500fc4: 7e06 48b9 | 78b1 3520 | fa7f 0000 | 4883 e4f0 

  0x000001a46f500fd4: ;   {runtime_call}
  0x000001a46f500fd4: 48b8 a0fe | f71f fa7f | 0000 ffd0 

  0x000001a46f500fe0: ;   {section_word}
  0x000001a46f500fe0: f449 bae1 | 0f50 6fa4 | 0100 0041 

  0x000001a46f500fec: ;   {runtime_call DeoptimizationBlob}
  0x000001a46f500fec: 52e9 2e70 | 7106 f4f4 | f4f4 f4f4 
[/MachCode]


---------------  P R O C E S S  ---------------

Threads class SMR info:
_java_thread_list=0x000001a4c92d2ea0, length=33, elements={
0x000001a466245620, 0x000001a47f18e580, 0x000001a47f18fc40, 0x000001a47f193bf0,
0x000001a47f1949a0, 0x000001a47f1960a0, 0x000001a47f197da0, 0x000001a47f1a3400,
0x000001a47f1a45f0, 0x000001a47f363a80, 0x000001a47f368910, 0x000001a4c7ecbb50,
0x000001a4c7f6a0b0, 0x000001a4c7f68670, 0x000001a4c83b3d70, 0x000001a4c83b5e40,
0x000001a4c83b7f10, 0x000001a4c83b85a0, 0x000001a4c83b8c30, 0x000001a4c83b6b60,
0x000001a4c83b57b0, 0x000001a4c83b92c0, 0x000001a4c83b7880, 0x000001a4c83b9950,
0x000001a4c83ba670, 0x000001a4c83b9fe0, 0x000001a4c83bb390, 0x000001a4c83bad00,
0x000001a4c7e383f0, 0x000001a4c7e3c590, 0x000001a4c7e3d2b0, 0x000001a47fc00880,
0x000001a47fc015a0
}

Java Threads: ( => current thread )
  0x000001a466245620 JavaThread "main"                              [_thread_blocked, id=8536, stack(0x0000000121500000,0x0000000121600000) (1024K)]
  0x000001a47f18e580 JavaThread "Reference Handler"          daemon [_thread_blocked, id=27044, stack(0x0000000121d00000,0x0000000121e00000) (1024K)]
  0x000001a47f18fc40 JavaThread "Finalizer"                  daemon [_thread_blocked, id=21852, stack(0x0000000121e00000,0x0000000121f00000) (1024K)]
  0x000001a47f193bf0 JavaThread "Signal Dispatcher"          daemon [_thread_blocked, id=34620, stack(0x0000000121f00000,0x0000000122000000) (1024K)]
  0x000001a47f1949a0 JavaThread "Attach Listener"            daemon [_thread_blocked, id=31908, stack(0x0000000122000000,0x0000000122100000) (1024K)]
  0x000001a47f1960a0 JavaThread "Service Thread"             daemon [_thread_blocked, id=11772, stack(0x0000000122100000,0x0000000122200000) (1024K)]
  0x000001a47f197da0 JavaThread "Monitor Deflation Thread"   daemon [_thread_blocked, id=1464, stack(0x0000000122200000,0x0000000122300000) (1024K)]
  0x000001a47f1a3400 JavaThread "C2 CompilerThread0"         daemon [_thread_in_native, id=32440, stack(0x0000000122300000,0x0000000122400000) (1024K)]
  0x000001a47f1a45f0 JavaThread "C1 CompilerThread0"         daemon [_thread_blocked, id=34244, stack(0x0000000122400000,0x0000000122500000) (1024K)]
  0x000001a47f363a80 JavaThread "Notification Thread"        daemon [_thread_blocked, id=20528, stack(0x0000000122600000,0x0000000122700000) (1024K)]
  0x000001a47f368910 JavaThread "Common-Cleaner"             daemon [_thread_blocked, id=15268, stack(0x0000000122700000,0x0000000122800000) (1024K)]
  0x000001a4c7ecbb50 JavaThread "org.matsim.contrib.demand_extraction.run.RunBavariaBaseSimulation.main()"        [_thread_in_native, id=32844, stack(0x0000000123c00000,0x0000000123d00000) (1024K)]
  0x000001a4c7f6a0b0 JavaThread "Log4j2-TF-1-Scheduled-1"    daemon [_thread_blocked, id=20260, stack(0x0000000122d00000,0x0000000122e00000) (1024K)]
  0x000001a4c7f68670 JavaThread "MemoryPrinter"              daemon [_thread_blocked, id=2148, stack(0x0000000124000000,0x0000000124100000) (1024K)]
  0x000001a4c83b3d70 JavaThread "ForkJoinPool.commonPool-worker-3" daemon [_thread_blocked, id=32728, stack(0x0000000124200000,0x0000000124300000) (1024K)]
  0x000001a4c83b5e40 JavaThread "ForkJoinPool.commonPool-worker-4" daemon [_thread_blocked, id=16692, stack(0x0000000124300000,0x0000000124400000) (1024K)]
  0x000001a4c83b7f10 JavaThread "ForkJoinPool.commonPool-worker-5" daemon [_thread_blocked, id=31544, stack(0x0000000124400000,0x0000000124500000) (1024K)]
  0x000001a4c83b85a0 JavaThread "ForkJoinPool.commonPool-worker-6" daemon [_thread_blocked, id=33800, stack(0x0000000124900000,0x0000000124a00000) (1024K)]
  0x000001a4c83b8c30 JavaThread "ForkJoinPool.commonPool-worker-7" daemon [_thread_blocked, id=25456, stack(0x0000000124a00000,0x0000000124b00000) (1024K)]
  0x000001a4c83b6b60 JavaThread "ForkJoinPool.commonPool-worker-9" daemon [_thread_blocked, id=30384, stack(0x0000000124b00000,0x0000000124c00000) (1024K)]
  0x000001a4c83b57b0 JavaThread "ForkJoinPool.commonPool-worker-8" daemon [_thread_blocked, id=20828, stack(0x0000000124c00000,0x0000000124d00000) (1024K)]
  0x000001a4c83b92c0 JavaThread "ForkJoinPool.commonPool-worker-10" daemon [_thread_blocked, id=15848, stack(0x0000000124d00000,0x0000000124e00000) (1024K)]
  0x000001a4c83b7880 JavaThread "ForkJoinPool.commonPool-worker-12" daemon [_thread_blocked, id=30952, stack(0x0000000124e00000,0x0000000124f00000) (1024K)]
  0x000001a4c83b9950 JavaThread "ForkJoinPool.commonPool-worker-11" daemon [_thread_blocked, id=16428, stack(0x0000000124f00000,0x0000000125000000) (1024K)]
  0x000001a4c83ba670 JavaThread "ForkJoinPool.commonPool-worker-13" daemon [_thread_blocked, id=13284, stack(0x0000000125000000,0x0000000125100000) (1024K)]
  0x000001a4c83b9fe0 JavaThread "ForkJoinPool.commonPool-worker-14" daemon [_thread_blocked, id=18100, stack(0x0000000125100000,0x0000000125200000) (1024K)]
  0x000001a4c83bb390 JavaThread "ForkJoinPool.commonPool-worker-15" daemon [_thread_blocked, id=34104, stack(0x0000000125200000,0x0000000125300000) (1024K)]
  0x000001a4c83bad00 JavaThread "ForkJoinPool.commonPool-worker-16" daemon [_thread_blocked, id=15572, stack(0x0000000125400000,0x0000000125500000) (1024K)]
  0x000001a4c7e383f0 JavaThread "ForkJoinPool.commonPool-worker-17" daemon [_thread_blocked, id=34232, stack(0x0000000125500000,0x0000000125600000) (1024K)]
  0x000001a4c7e3c590 JavaThread "Java2D Disposer"            daemon [_thread_blocked, id=14812, stack(0x0000000125900000,0x0000000125a00000) (1024K)]
  0x000001a4c7e3d2b0 JavaThread "AWT-Windows"                daemon [_thread_in_native, id=33628, stack(0x0000000125d00000,0x0000000125e00000) (1024K)]
  0x000001a47fc00880 JavaThread "AWT-Shutdown"                      [_thread_blocked, id=15208, stack(0x0000000123e00000,0x0000000123f00000) (1024K)]
=>0x000001a47fc015a0 JavaThread "AWT-EventQueue-0"                  [_thread_in_native, id=20036, stack(0x0000000125700000,0x0000000125800000) (1024K)]
Total: 33

Other Threads:
  0x000001a47f175030 VMThread "VM Thread"                           [id=3628, stack(0x0000000121c00000,0x0000000121d00000) (1024K)]
  0x000001a47f15efb0 WatcherThread "VM Periodic Task Thread"        [id=26204, stack(0x0000000121b00000,0x0000000121c00000) (1024K)]
  0x000001a47e173e30 WorkerThread "GC Thread#0"                     [id=29952, stack(0x0000000121600000,0x0000000121700000) (1024K)]
  0x000001a4c69bcbc0 WorkerThread "GC Thread#1"                     [id=28860, stack(0x0000000122e00000,0x0000000122f00000) (1024K)]
  0x000001a4c669fba0 WorkerThread "GC Thread#2"                     [id=30788, stack(0x0000000122f00000,0x0000000123000000) (1024K)]
  0x000001a4c6572040 WorkerThread "GC Thread#3"                     [id=4056, stack(0x0000000123000000,0x0000000123100000) (1024K)]
  0x000001a4c6cb5fc0 WorkerThread "GC Thread#4"                     [id=7944, stack(0x0000000123100000,0x0000000123200000) (1024K)]
  0x000001a4c6cb6370 WorkerThread "GC Thread#5"                     [id=33916, stack(0x0000000123200000,0x0000000123300000) (1024K)]
  0x000001a4c6cb7750 WorkerThread "GC Thread#6"                     [id=2228, stack(0x0000000123300000,0x0000000123400000) (1024K)]
  0x000001a4c6cb7f10 WorkerThread "GC Thread#7"                     [id=27412, stack(0x0000000123400000,0x0000000123500000) (1024K)]
  0x000001a4c70bca00 WorkerThread "GC Thread#8"                     [id=28108, stack(0x0000000123500000,0x0000000123600000) (1024K)]
  0x000001a4c70bd1c0 WorkerThread "GC Thread#9"                     [id=5536, stack(0x0000000123600000,0x0000000123700000) (1024K)]
  0x000001a4c70bd980 WorkerThread "GC Thread#10"                    [id=34196, stack(0x0000000123700000,0x0000000123800000) (1024K)]
  0x000001a4c70bf3a0 WorkerThread "GC Thread#11"                    [id=34088, stack(0x0000000123800000,0x0000000123900000) (1024K)]
  0x000001a4c70be4e0 WorkerThread "GC Thread#12"                    [id=15424, stack(0x0000000123900000,0x0000000123a00000) (1024K)]
  0x000001a466278d20 ConcurrentGCThread "G1 Main Marker"            [id=9176, stack(0x0000000121700000,0x0000000121800000) (1024K)]
  0x000001a46627b2c0 WorkerThread "G1 Conc#0"                       [id=14108, stack(0x0000000121800000,0x0000000121900000) (1024K)]
  0x000001a4c6da8a20 WorkerThread "G1 Conc#1"                       [id=5012, stack(0x0000000123a00000,0x0000000123b00000) (1024K)]
  0x000001a4c6da9530 WorkerThread "G1 Conc#2"                       [id=33492, stack(0x0000000123b00000,0x0000000123c00000) (1024K)]
  0x000001a47e20e7d0 ConcurrentGCThread "G1 Refine#0"               [id=32224, stack(0x0000000121900000,0x0000000121a00000) (1024K)]
  0x000001a4c86aad40 ConcurrentGCThread "G1 Refine#1"               [id=34792, stack(0x0000000121200000,0x0000000121300000) (1024K)]
  0x000001a4c86aedf0 ConcurrentGCThread "G1 Refine#2"               [id=28180, stack(0x0000000121300000,0x0000000121400000) (1024K)]
  0x000001a4c86af240 ConcurrentGCThread "G1 Refine#3"               [id=27128, stack(0x0000000122900000,0x0000000122a00000) (1024K)]
  0x000001a4c86ab5e0 ConcurrentGCThread "G1 Refine#4"               [id=14512, stack(0x0000000122a00000,0x0000000122b00000) (1024K)]
  0x000001a4c86af690 ConcurrentGCThread "G1 Refine#5"               [id=16424, stack(0x0000000123d00000,0x0000000123e00000) (1024K)]
  0x000001a47f0168b0 ConcurrentGCThread "G1 Service"                [id=31324, stack(0x0000000121a00000,0x0000000121b00000) (1024K)]
Total: 26

Threads with active compile tasks:
C2 CompilerThread0  214818 17982   !   4       org.matsim.analysis.ModeChoiceCoverageControllerListener::notifyIterationEnds (860 bytes)
Total: 1

VM state: not at safepoint (normal execution)

VM Mutex/Monitor currently owned by a thread: None

Heap address: 0x0000001001000000, size: 30208 MB, Compressed Oops mode: Non-zero disjoint base: 0x0000001000000000, Oop shift amount: 3

CDS archive(s) mapped at: [0x000001a480000000-0x000001a480c60000-0x000001a480c60000), size 12976128, SharedBaseAddress: 0x000001a480000000, ArchiveRelocationMode: 1.
Compressed class space mapped at: 0x000001a481000000-0x000001a4c1000000, reserved size: 1073741824
Narrow klass base: 0x000001a480000000, Narrow klass shift: 0, Narrow klass range: 0x41000000

GC Precious Log:
 CardTable entry size: 512
 Card Set container configuration: InlinePtr #cards 3 size 8 Array Of Cards #cards 128 size 272 Howl #buckets 8 coarsen threshold 29491 Howl Bitmap #cards 4096 size 528 coarsen threshold 3686 Card regions per heap region 1 cards per card region 32768
 CPUs: 16 total, 16 available
 Memory: 127G
 Large Page Support: Disabled
 NUMA Support: Disabled
 Compressed Oops: Enabled (Non-zero disjoint base)
 Heap Region Size: 16M
 Heap Min Capacity: 16M
 Heap Initial Capacity: 2G
 Heap Max Capacity: 30208M
 Pre-touch: Disabled
 Parallel Workers: 13
 Concurrent Workers: 3
 Concurrent Refinement Workers: 13
 Periodic GC: Disabled

Heap:
 garbage-first heap   total reserved 30932992K, committed 6455296K, used 5634353K [0x0000001001000000, 0x0000001761000000)
  region size 16384K, 66 young (1081344K), 12 survivors (196608K)
 Metaspace       used 61242K, committed 62592K, reserved 1114112K
  class space    used 7255K, committed 7872K, reserved 1048576K

Heap Regions: E=young(eden), S=young(survivor), O=old, HS=humongous(starts), HC=humongous(continues), CS=collection set, F=free, TAMS=top-at-mark-start, PB=parsable bottom
|   0|0x0000001001000000, 0x0000001002000000, 0x0000001002000000|100%| O|  |TAMS 0x0000001001000000| PB 0x0000001001000000| Untracked |  0
|   1|0x0000001002000000, 0x0000001003000000, 0x0000001003000000|100%| O|  |TAMS 0x0000001002000000| PB 0x0000001002000000| Untracked |  0
|   2|0x0000001003000000, 0x0000001004000000, 0x0000001004000000|100%| O|  |TAMS 0x0000001003000000| PB 0x0000001003000000| Untracked |  0
|   3|0x0000001004000000, 0x0000001005000000, 0x0000001005000000|100%| O|  |TAMS 0x0000001004000000| PB 0x0000001004000000| Untracked |  0
|   4|0x0000001005000000, 0x0000001006000000, 0x0000001006000000|100%| O|  |TAMS 0x0000001005000000| PB 0x0000001005000000| Untracked |  0
|   5|0x0000001006000000, 0x0000001007000000, 0x0000001007000000|100%| O|  |TAMS 0x0000001006000000| PB 0x0000001006000000| Untracked |  0
|   6|0x0000001007000000, 0x0000001008000000, 0x0000001008000000|100%| O|  |TAMS 0x0000001007000000| PB 0x0000001007000000| Untracked |  0
|   7|0x0000001008000000, 0x0000001009000000, 0x0000001009000000|100%| O|  |TAMS 0x0000001008000000| PB 0x0000001008000000| Untracked |  0
|   8|0x0000001009000000, 0x000000100a000000, 0x000000100a000000|100%| O|  |TAMS 0x0000001009000000| PB 0x0000001009000000| Untracked |  0
|   9|0x000000100a000000, 0x000000100b000000, 0x000000100b000000|100%| O|  |TAMS 0x000000100a000000| PB 0x000000100a000000| Untracked |  0
|  10|0x000000100b000000, 0x000000100c000000, 0x000000100c000000|100%| O|  |TAMS 0x000000100b000000| PB 0x000000100b000000| Untracked |  0
|  11|0x000000100c000000, 0x000000100d000000, 0x000000100d000000|100%| O|  |TAMS 0x000000100c000000| PB 0x000000100c000000| Untracked |  0
|  12|0x000000100d000000, 0x000000100e000000, 0x000000100e000000|100%| O|  |TAMS 0x000000100d000000| PB 0x000000100d000000| Untracked |  0
|  13|0x000000100e000000, 0x000000100f000000, 0x000000100f000000|100%| O|  |TAMS 0x000000100e000000| PB 0x000000100e000000| Untracked |  0
|  14|0x000000100f000000, 0x0000001010000000, 0x0000001010000000|100%| O|  |TAMS 0x000000100f000000| PB 0x000000100f000000| Untracked |  0
|  15|0x0000001010000000, 0x0000001011000000, 0x0000001011000000|100%| O|  |TAMS 0x0000001010000000| PB 0x0000001010000000| Untracked |  0
|  16|0x0000001011000000, 0x0000001012000000, 0x0000001012000000|100%|HS|  |TAMS 0x0000001011000000| PB 0x0000001011000000| Complete |  0
|  17|0x0000001012000000, 0x0000001013000000, 0x0000001013000000|100%| O|  |TAMS 0x0000001012000000| PB 0x0000001012000000| Untracked |  0
|  18|0x0000001013000000, 0x0000001014000000, 0x0000001014000000|100%| O|  |TAMS 0x0000001013000000| PB 0x0000001013000000| Untracked |  0
|  19|0x0000001014000000, 0x0000001015000000, 0x0000001015000000|100%| O|  |TAMS 0x0000001014000000| PB 0x0000001014000000| Untracked |  0
|  20|0x0000001015000000, 0x0000001016000000, 0x0000001016000000|100%| O|  |TAMS 0x0000001015000000| PB 0x0000001015000000| Untracked |  0
|  21|0x0000001016000000, 0x0000001017000000, 0x0000001017000000|100%| O|  |TAMS 0x0000001016000000| PB 0x0000001016000000| Untracked |  0
|  22|0x0000001017000000, 0x0000001018000000, 0x0000001018000000|100%| O|  |TAMS 0x0000001017000000| PB 0x0000001017000000| Untracked |  0
|  23|0x0000001018000000, 0x0000001019000000, 0x0000001019000000|100%| O|  |TAMS 0x0000001018000000| PB 0x0000001018000000| Untracked |  0
|  24|0x0000001019000000, 0x000000101a000000, 0x000000101a000000|100%| O|  |TAMS 0x0000001019000000| PB 0x0000001019000000| Untracked |  0
|  25|0x000000101a000000, 0x000000101b000000, 0x000000101b000000|100%| O|  |TAMS 0x000000101a000000| PB 0x000000101a000000| Untracked |  0
|  26|0x000000101b000000, 0x000000101c000000, 0x000000101c000000|100%|HS|  |TAMS 0x000000101b000000| PB 0x000000101b000000| Complete |  0
|  27|0x000000101c000000, 0x000000101d000000, 0x000000101d000000|100%| O|  |TAMS 0x000000101c000000| PB 0x000000101c000000| Untracked |  0
|  28|0x000000101d000000, 0x000000101e000000, 0x000000101e000000|100%| O|  |TAMS 0x000000101d000000| PB 0x000000101d000000| Untracked |  0
|  29|0x000000101e000000, 0x000000101f000000, 0x000000101f000000|100%| O|  |TAMS 0x000000101e000000| PB 0x000000101e000000| Untracked |  0
|  30|0x000000101f000000, 0x0000001020000000, 0x0000001020000000|100%| O|  |TAMS 0x000000101f000000| PB 0x000000101f000000| Untracked |  0
|  31|0x0000001020000000, 0x0000001021000000, 0x0000001021000000|100%| O|  |TAMS 0x0000001020000000| PB 0x0000001020000000| Untracked |  0
|  32|0x0000001021000000, 0x0000001022000000, 0x0000001022000000|100%| O|  |TAMS 0x0000001021000000| PB 0x0000001021000000| Untracked |  0
|  33|0x0000001022000000, 0x0000001023000000, 0x0000001023000000|100%| O|  |TAMS 0x0000001022000000| PB 0x0000001022000000| Untracked |  0
|  34|0x0000001023000000, 0x0000001024000000, 0x0000001024000000|100%| O|  |TAMS 0x0000001023000000| PB 0x0000001023000000| Untracked |  0
|  35|0x0000001024000000, 0x0000001025000000, 0x0000001025000000|100%| O|  |TAMS 0x0000001024000000| PB 0x0000001024000000| Untracked |  0
|  36|0x0000001025000000, 0x0000001026000000, 0x0000001026000000|100%| O|  |TAMS 0x0000001025000000| PB 0x0000001025000000| Untracked |  0
|  37|0x0000001026000000, 0x0000001027000000, 0x0000001027000000|100%| O|  |TAMS 0x0000001026000000| PB 0x0000001026000000| Untracked |  0
|  38|0x0000001027000000, 0x0000001028000000, 0x0000001028000000|100%| O|  |TAMS 0x0000001027000000| PB 0x0000001027000000| Untracked |  0
|  39|0x0000001028000000, 0x0000001029000000, 0x0000001029000000|100%| O|  |TAMS 0x0000001028000000| PB 0x0000001028000000| Untracked |  0
|  40|0x0000001029000000, 0x000000102a000000, 0x000000102a000000|100%| O|  |TAMS 0x0000001029000000| PB 0x0000001029000000| Untracked |  0
|  41|0x000000102a000000, 0x000000102b000000, 0x000000102b000000|100%| O|  |TAMS 0x000000102a000000| PB 0x000000102a000000| Untracked |  0
|  42|0x000000102b000000, 0x000000102c000000, 0x000000102c000000|100%| O|  |TAMS 0x000000102b000000| PB 0x000000102b000000| Untracked |  0
|  43|0x000000102c000000, 0x000000102d000000, 0x000000102d000000|100%| O|  |TAMS 0x000000102c000000| PB 0x000000102c000000| Untracked |  0
|  44|0x000000102d000000, 0x000000102e000000, 0x000000102e000000|100%| O|  |TAMS 0x000000102d000000| PB 0x000000102d000000| Untracked |  0
|  45|0x000000102e000000, 0x000000102f000000, 0x000000102f000000|100%| O|  |TAMS 0x000000102e000000| PB 0x000000102e000000| Untracked |  0
|  46|0x000000102f000000, 0x0000001030000000, 0x0000001030000000|100%| O|  |TAMS 0x000000102f000000| PB 0x000000102f000000| Untracked |  0
|  47|0x0000001030000000, 0x0000001031000000, 0x0000001031000000|100%| O|  |TAMS 0x0000001030000000| PB 0x0000001030000000| Untracked |  0
|  48|0x0000001031000000, 0x0000001032000000, 0x0000001032000000|100%|HS|  |TAMS 0x0000001031000000| PB 0x0000001031000000| Complete |  0
|  49|0x0000001032000000, 0x0000001033000000, 0x0000001033000000|100%| O|  |TAMS 0x0000001032000000| PB 0x0000001032000000| Untracked |  0
|  50|0x0000001033000000, 0x0000001034000000, 0x0000001034000000|100%| O|  |TAMS 0x0000001033000000| PB 0x0000001033000000| Untracked |  0
|  51|0x0000001034000000, 0x0000001035000000, 0x0000001035000000|100%| O|  |TAMS 0x0000001034000000| PB 0x0000001034000000| Untracked |  0
|  52|0x0000001035000000, 0x0000001036000000, 0x0000001036000000|100%| O|  |TAMS 0x0000001035000000| PB 0x0000001035000000| Untracked |  0
|  53|0x0000001036000000, 0x0000001037000000, 0x0000001037000000|100%|HS|  |TAMS 0x0000001036000000| PB 0x0000001036000000| Complete |  0
|  54|0x0000001037000000, 0x0000001038000000, 0x0000001038000000|100%| O|  |TAMS 0x0000001037000000| PB 0x0000001037000000| Untracked |  0
|  55|0x0000001038000000, 0x0000001039000000, 0x0000001039000000|100%| O|  |TAMS 0x0000001038000000| PB 0x0000001038000000| Untracked |  0
|  56|0x0000001039000000, 0x000000103a000000, 0x000000103a000000|100%| O|  |TAMS 0x0000001039000000| PB 0x0000001039000000| Untracked |  0
|  57|0x000000103a000000, 0x000000103b000000, 0x000000103b000000|100%| O|  |TAMS 0x000000103a000000| PB 0x000000103a000000| Untracked |  0
|  58|0x000000103b000000, 0x000000103c000000, 0x000000103c000000|100%| O|  |TAMS 0x000000103b000000| PB 0x000000103b000000| Untracked |  0
|  59|0x000000103c000000, 0x000000103d000000, 0x000000103d000000|100%| O|  |TAMS 0x000000103c000000| PB 0x000000103c000000| Untracked |  0
|  60|0x000000103d000000, 0x000000103e000000, 0x000000103e000000|100%| O|  |TAMS 0x000000103d000000| PB 0x000000103d000000| Untracked |  0
|  61|0x000000103e000000, 0x000000103f000000, 0x000000103f000000|100%| O|  |TAMS 0x000000103e000000| PB 0x000000103e000000| Untracked |  0
|  62|0x000000103f000000, 0x0000001040000000, 0x0000001040000000|100%| O|  |TAMS 0x000000103f000000| PB 0x000000103f000000| Untracked |  0
|  63|0x0000001040000000, 0x0000001041000000, 0x0000001041000000|100%| O|  |TAMS 0x0000001040000000| PB 0x0000001040000000| Untracked |  0
|  64|0x0000001041000000, 0x0000001042000000, 0x0000001042000000|100%| O|  |TAMS 0x0000001041000000| PB 0x0000001041000000| Untracked |  0
|  65|0x0000001042000000, 0x0000001043000000, 0x0000001043000000|100%| O|  |TAMS 0x0000001042000000| PB 0x0000001042000000| Untracked |  0
|  66|0x0000001043000000, 0x0000001044000000, 0x0000001044000000|100%| O|  |TAMS 0x0000001043000000| PB 0x0000001043000000| Untracked |  0
|  67|0x0000001044000000, 0x0000001045000000, 0x0000001045000000|100%| O|  |TAMS 0x0000001044000000| PB 0x0000001044000000| Untracked |  0
|  68|0x0000001045000000, 0x0000001046000000, 0x0000001046000000|100%| O|  |TAMS 0x0000001045000000| PB 0x0000001045000000| Untracked |  0
|  69|0x0000001046000000, 0x0000001047000000, 0x0000001047000000|100%| O|  |TAMS 0x0000001046000000| PB 0x0000001046000000| Untracked |  0
|  70|0x0000001047000000, 0x0000001048000000, 0x0000001048000000|100%| O|  |TAMS 0x0000001047000000| PB 0x0000001047000000| Untracked |  0
|  71|0x0000001048000000, 0x0000001049000000, 0x0000001049000000|100%| O|  |TAMS 0x0000001048000000| PB 0x0000001048000000| Untracked |  0
|  72|0x0000001049000000, 0x000000104a000000, 0x000000104a000000|100%| O|  |TAMS 0x0000001049000000| PB 0x0000001049000000| Untracked |  0
|  73|0x000000104a000000, 0x000000104b000000, 0x000000104b000000|100%| O|  |TAMS 0x000000104a000000| PB 0x000000104a000000| Untracked |  0
|  74|0x000000104b000000, 0x000000104c000000, 0x000000104c000000|100%|HS|  |TAMS 0x000000104b000000| PB 0x000000104b000000| Complete |  0
|  75|0x000000104c000000, 0x000000104d000000, 0x000000104d000000|100%|HC|  |TAMS 0x000000104c000000| PB 0x000000104c000000| Complete |  0
|  76|0x000000104d000000, 0x000000104e000000, 0x000000104e000000|100%| O|  |TAMS 0x000000104d000000| PB 0x000000104d000000| Untracked |  0
|  77|0x000000104e000000, 0x000000104f000000, 0x000000104f000000|100%| O|  |TAMS 0x000000104e000000| PB 0x000000104e000000| Untracked |  0
|  78|0x000000104f000000, 0x0000001050000000, 0x0000001050000000|100%| O|  |TAMS 0x000000104f000000| PB 0x000000104f000000| Untracked |  0
|  79|0x0000001050000000, 0x0000001051000000, 0x0000001051000000|100%|HS|  |TAMS 0x0000001050000000| PB 0x0000001050000000| Complete |  0
|  80|0x0000001051000000, 0x0000001052000000, 0x0000001052000000|100%| O|  |TAMS 0x0000001051000000| PB 0x0000001051000000| Untracked |  0
|  81|0x0000001052000000, 0x0000001053000000, 0x0000001053000000|100%| O|  |TAMS 0x0000001052000000| PB 0x0000001052000000| Untracked |  0
|  82|0x0000001053000000, 0x0000001054000000, 0x0000001054000000|100%| O|  |TAMS 0x0000001053000000| PB 0x0000001053000000| Untracked |  0
|  83|0x0000001054000000, 0x0000001055000000, 0x0000001055000000|100%|HS|  |TAMS 0x0000001054000000| PB 0x0000001054000000| Complete |  0
|  84|0x0000001055000000, 0x0000001056000000, 0x0000001056000000|100%| O|  |TAMS 0x0000001055000000| PB 0x0000001055000000| Untracked |  0
|  85|0x0000001056000000, 0x0000001057000000, 0x0000001057000000|100%| O|  |TAMS 0x0000001056000000| PB 0x0000001056000000| Untracked |  0
|  86|0x0000001057000000, 0x0000001058000000, 0x0000001058000000|100%| O|  |TAMS 0x0000001057000000| PB 0x0000001057000000| Untracked |  0
|  87|0x0000001058000000, 0x0000001059000000, 0x0000001059000000|100%| O|  |TAMS 0x0000001058000000| PB 0x0000001058000000| Untracked |  0
|  88|0x0000001059000000, 0x000000105a000000, 0x000000105a000000|100%| O|  |TAMS 0x0000001059000000| PB 0x0000001059000000| Untracked |  0
|  89|0x000000105a000000, 0x000000105b000000, 0x000000105b000000|100%| O|  |TAMS 0x000000105a000000| PB 0x000000105a000000| Untracked |  0
|  90|0x000000105b000000, 0x000000105c000000, 0x000000105c000000|100%| O|  |TAMS 0x000000105b000000| PB 0x000000105b000000| Untracked |  0
|  91|0x000000105c000000, 0x000000105d000000, 0x000000105d000000|100%| O|  |TAMS 0x000000105c000000| PB 0x000000105c000000| Untracked |  0
|  92|0x000000105d000000, 0x000000105e000000, 0x000000105e000000|100%| O|  |TAMS 0x000000105d000000| PB 0x000000105d000000| Untracked |  0
|  93|0x000000105e000000, 0x000000105f000000, 0x000000105f000000|100%| O|  |TAMS 0x000000105e000000| PB 0x000000105e000000| Untracked |  0
|  94|0x000000105f000000, 0x0000001060000000, 0x0000001060000000|100%| O|  |TAMS 0x000000105f000000| PB 0x000000105f000000| Untracked |  0
|  95|0x0000001060000000, 0x0000001061000000, 0x0000001061000000|100%|HS|  |TAMS 0x0000001060000000| PB 0x0000001060000000| Complete |  0
|  96|0x0000001061000000, 0x0000001062000000, 0x0000001062000000|100%|HS|  |TAMS 0x0000001061000000| PB 0x0000001061000000| Complete |  0
|  97|0x0000001062000000, 0x0000001063000000, 0x0000001063000000|100%|HS|  |TAMS 0x0000001062000000| PB 0x0000001062000000| Complete |  0
|  98|0x0000001063000000, 0x0000001064000000, 0x0000001064000000|100%| O|  |TAMS 0x0000001063000000| PB 0x0000001063000000| Untracked |  0
|  99|0x0000001064000000, 0x0000001065000000, 0x0000001065000000|100%| O|  |TAMS 0x0000001064000000| PB 0x0000001064000000| Untracked |  0
| 100|0x0000001065000000, 0x0000001066000000, 0x0000001066000000|100%| O|  |TAMS 0x0000001065000000| PB 0x0000001065000000| Untracked |  0
| 101|0x0000001066000000, 0x0000001067000000, 0x0000001067000000|100%| O|  |TAMS 0x0000001066000000| PB 0x0000001066000000| Untracked |  0
| 102|0x0000001067000000, 0x0000001068000000, 0x0000001068000000|100%| O|  |TAMS 0x0000001067000000| PB 0x0000001067000000| Untracked |  0
| 103|0x0000001068000000, 0x0000001069000000, 0x0000001069000000|100%| O|  |TAMS 0x0000001068000000| PB 0x0000001068000000| Untracked |  0
| 104|0x0000001069000000, 0x000000106a000000, 0x000000106a000000|100%| O|  |TAMS 0x0000001069000000| PB 0x0000001069000000| Untracked |  0
| 105|0x000000106a000000, 0x000000106b000000, 0x000000106b000000|100%| O|  |TAMS 0x000000106a000000| PB 0x000000106a000000| Untracked |  0
| 106|0x000000106b000000, 0x000000106c000000, 0x000000106c000000|100%| O|  |TAMS 0x000000106b000000| PB 0x000000106b000000| Untracked |  0
| 107|0x000000106c000000, 0x000000106d000000, 0x000000106d000000|100%| O|  |TAMS 0x000000106c000000| PB 0x000000106c000000| Untracked |  0
| 108|0x000000106d000000, 0x000000106e000000, 0x000000106e000000|100%| O|  |TAMS 0x000000106d000000| PB 0x000000106d000000| Untracked |  0
| 109|0x000000106e000000, 0x000000106f000000, 0x000000106f000000|100%| O|  |TAMS 0x000000106e000000| PB 0x000000106e000000| Untracked |  0
| 110|0x000000106f000000, 0x000000106f000000, 0x0000001070000000|  0%| F|  |TAMS 0x000000106f000000| PB 0x000000106f000000| Untracked |  0
| 111|0x0000001070000000, 0x0000001071000000, 0x0000001071000000|100%| O|  |TAMS 0x0000001070000000| PB 0x0000001070000000| Untracked |  0
| 112|0x0000001071000000, 0x0000001072000000, 0x0000001072000000|100%| O|  |TAMS 0x0000001071000000| PB 0x0000001071000000| Untracked |  0
| 113|0x0000001072000000, 0x0000001073000000, 0x0000001073000000|100%| O|  |TAMS 0x0000001072000000| PB 0x0000001072000000| Untracked |  0
| 114|0x0000001073000000, 0x0000001073000000, 0x0000001074000000|  0%| F|  |TAMS 0x0000001073000000| PB 0x0000001073000000| Untracked |  0
| 115|0x0000001074000000, 0x0000001075000000, 0x0000001075000000|100%| O|  |TAMS 0x0000001074000000| PB 0x0000001074000000| Untracked |  0
| 116|0x0000001075000000, 0x0000001076000000, 0x0000001076000000|100%| O|  |TAMS 0x0000001075000000| PB 0x0000001075000000| Untracked |  0
| 117|0x0000001076000000, 0x0000001077000000, 0x0000001077000000|100%|HS|  |TAMS 0x0000001076000000| PB 0x0000001076000000| Complete |  0
| 118|0x0000001077000000, 0x0000001078000000, 0x0000001078000000|100%|HC|  |TAMS 0x0000001077000000| PB 0x0000001077000000| Complete |  0
| 119|0x0000001078000000, 0x0000001079000000, 0x0000001079000000|100%| O|  |TAMS 0x0000001078000000| PB 0x0000001078000000| Untracked |  0
| 120|0x0000001079000000, 0x000000107a000000, 0x000000107a000000|100%| O|  |TAMS 0x0000001079000000| PB 0x0000001079000000| Untracked |  0
| 121|0x000000107a000000, 0x000000107b000000, 0x000000107b000000|100%| O|  |TAMS 0x000000107a000000| PB 0x000000107a000000| Untracked |  0
| 122|0x000000107b000000, 0x000000107c000000, 0x000000107c000000|100%| O|  |TAMS 0x000000107b000000| PB 0x000000107b000000| Untracked |  0
| 123|0x000000107c000000, 0x000000107d000000, 0x000000107d000000|100%| O|  |TAMS 0x000000107c000000| PB 0x000000107c000000| Untracked |  0
| 124|0x000000107d000000, 0x000000107e000000, 0x000000107e000000|100%| O|  |TAMS 0x000000107d000000| PB 0x000000107d000000| Untracked |  0
| 125|0x000000107e000000, 0x000000107f000000, 0x000000107f000000|100%| O|  |TAMS 0x000000107e000000| PB 0x000000107e000000| Untracked |  0
| 126|0x000000107f000000, 0x0000001080000000, 0x0000001080000000|100%| O|  |TAMS 0x000000107f000000| PB 0x000000107f000000| Untracked |  0
| 127|0x0000001080000000, 0x0000001081000000, 0x0000001081000000|100%| O|  |TAMS 0x0000001080000000| PB 0x0000001080000000| Untracked |  0
| 128|0x0000001081000000, 0x0000001082000000, 0x0000001082000000|100%| O|  |TAMS 0x0000001081000000| PB 0x0000001081000000| Untracked |  0
| 129|0x0000001082000000, 0x0000001083000000, 0x0000001083000000|100%| O|  |TAMS 0x0000001082000000| PB 0x0000001082000000| Untracked |  0
| 130|0x0000001083000000, 0x0000001084000000, 0x0000001084000000|100%| O|  |TAMS 0x0000001083000000| PB 0x0000001083000000| Untracked |  0
| 131|0x0000001084000000, 0x0000001085000000, 0x0000001085000000|100%| O|  |TAMS 0x0000001084000000| PB 0x0000001084000000| Untracked |  0
| 132|0x0000001085000000, 0x0000001086000000, 0x0000001086000000|100%|HS|  |TAMS 0x0000001085000000| PB 0x0000001085000000| Complete |  0
| 133|0x0000001086000000, 0x0000001087000000, 0x0000001087000000|100%| O|  |TAMS 0x0000001086000000| PB 0x0000001086000000| Untracked |  0
| 134|0x0000001087000000, 0x0000001088000000, 0x0000001088000000|100%| O|  |TAMS 0x0000001087000000| PB 0x0000001087000000| Untracked |  0
| 135|0x0000001088000000, 0x0000001089000000, 0x0000001089000000|100%| O|  |TAMS 0x0000001088000000| PB 0x0000001088000000| Untracked |  0
| 136|0x0000001089000000, 0x000000108a000000, 0x000000108a000000|100%| O|  |TAMS 0x0000001089000000| PB 0x0000001089000000| Untracked |  0
| 137|0x000000108a000000, 0x000000108b000000, 0x000000108b000000|100%| O|  |TAMS 0x000000108a000000| PB 0x000000108a000000| Untracked |  0
| 138|0x000000108b000000, 0x000000108c000000, 0x000000108c000000|100%| O|  |TAMS 0x000000108b000000| PB 0x000000108b000000| Untracked |  0
| 139|0x000000108c000000, 0x000000108d000000, 0x000000108d000000|100%| O|  |TAMS 0x000000108c000000| PB 0x000000108c000000| Untracked |  0
| 140|0x000000108d000000, 0x000000108e000000, 0x000000108e000000|100%| O|  |TAMS 0x000000108d000000| PB 0x000000108d000000| Untracked |  0
| 141|0x000000108e000000, 0x000000108f000000, 0x000000108f000000|100%| O|  |TAMS 0x000000108e000000| PB 0x000000108e000000| Untracked |  0
| 142|0x000000108f000000, 0x0000001090000000, 0x0000001090000000|100%| O|  |TAMS 0x000000108f000000| PB 0x000000108f000000| Untracked |  0
| 143|0x0000001090000000, 0x0000001091000000, 0x0000001091000000|100%| O|  |TAMS 0x0000001090000000| PB 0x0000001090000000| Untracked |  0
| 144|0x0000001091000000, 0x0000001092000000, 0x0000001092000000|100%| O|  |TAMS 0x0000001091000000| PB 0x0000001091000000| Untracked |  0
| 145|0x0000001092000000, 0x0000001093000000, 0x0000001093000000|100%| O|  |TAMS 0x0000001092000000| PB 0x0000001092000000| Untracked |  0
| 146|0x0000001093000000, 0x0000001094000000, 0x0000001094000000|100%| O|  |TAMS 0x0000001093000000| PB 0x0000001093000000| Untracked |  0
| 147|0x0000001094000000, 0x0000001095000000, 0x0000001095000000|100%| O|  |TAMS 0x0000001094000000| PB 0x0000001094000000| Untracked |  0
| 148|0x0000001095000000, 0x0000001096000000, 0x0000001096000000|100%| O|  |TAMS 0x0000001095000000| PB 0x0000001095000000| Untracked |  0
| 149|0x0000001096000000, 0x0000001097000000, 0x0000001097000000|100%| O|  |TAMS 0x0000001096000000| PB 0x0000001096000000| Untracked |  0
| 150|0x0000001097000000, 0x0000001098000000, 0x0000001098000000|100%| O|  |TAMS 0x0000001097000000| PB 0x0000001097000000| Untracked |  0
| 151|0x0000001098000000, 0x0000001099000000, 0x0000001099000000|100%| O|  |TAMS 0x0000001098000000| PB 0x0000001098000000| Untracked |  0
| 152|0x0000001099000000, 0x000000109a000000, 0x000000109a000000|100%| O|  |TAMS 0x0000001099000000| PB 0x0000001099000000| Untracked |  0
| 153|0x000000109a000000, 0x000000109b000000, 0x000000109b000000|100%| O|  |TAMS 0x000000109a000000| PB 0x000000109a000000| Untracked |  0
| 154|0x000000109b000000, 0x000000109c000000, 0x000000109c000000|100%| O|  |TAMS 0x000000109b000000| PB 0x000000109b000000| Untracked |  0
| 155|0x000000109c000000, 0x000000109d000000, 0x000000109d000000|100%| O|  |TAMS 0x000000109c000000| PB 0x000000109c000000| Untracked |  0
| 156|0x000000109d000000, 0x000000109e000000, 0x000000109e000000|100%| O|  |TAMS 0x000000109d000000| PB 0x000000109d000000| Untracked |  0
| 157|0x000000109e000000, 0x000000109f000000, 0x000000109f000000|100%| O|  |TAMS 0x000000109e000000| PB 0x000000109e000000| Untracked |  0
| 158|0x000000109f000000, 0x000000109f000000, 0x00000010a0000000|  0%| F|  |TAMS 0x000000109f000000| PB 0x000000109f000000| Untracked |  0
| 159|0x00000010a0000000, 0x00000010a1000000, 0x00000010a1000000|100%| O|  |TAMS 0x00000010a0000000| PB 0x00000010a0000000| Untracked |  0
| 160|0x00000010a1000000, 0x00000010a2000000, 0x00000010a2000000|100%| O|  |TAMS 0x00000010a1000000| PB 0x00000010a1000000| Untracked |  0
| 161|0x00000010a2000000, 0x00000010a3000000, 0x00000010a3000000|100%| O|  |TAMS 0x00000010a2000000| PB 0x00000010a2000000| Untracked |  0
| 162|0x00000010a3000000, 0x00000010a4000000, 0x00000010a4000000|100%| O|  |TAMS 0x00000010a3000000| PB 0x00000010a3000000| Untracked |  0
| 163|0x00000010a4000000, 0x00000010a5000000, 0x00000010a5000000|100%| O|  |TAMS 0x00000010a4000000| PB 0x00000010a4000000| Untracked |  0
| 164|0x00000010a5000000, 0x00000010a6000000, 0x00000010a6000000|100%|HS|  |TAMS 0x00000010a5000000| PB 0x00000010a5000000| Complete |  0
| 165|0x00000010a6000000, 0x00000010a7000000, 0x00000010a7000000|100%| O|  |TAMS 0x00000010a6000000| PB 0x00000010a6000000| Untracked |  0
| 166|0x00000010a7000000, 0x00000010a8000000, 0x00000010a8000000|100%| O|  |TAMS 0x00000010a7000000| PB 0x00000010a7000000| Untracked |  0
| 167|0x00000010a8000000, 0x00000010a9000000, 0x00000010a9000000|100%| O|  |TAMS 0x00000010a8000000| PB 0x00000010a8000000| Untracked |  0
| 168|0x00000010a9000000, 0x00000010aa000000, 0x00000010aa000000|100%| O|  |TAMS 0x00000010a9000000| PB 0x00000010a9000000| Untracked |  0
| 169|0x00000010aa000000, 0x00000010ab000000, 0x00000010ab000000|100%| O|  |TAMS 0x00000010aa000000| PB 0x00000010aa000000| Untracked |  0
| 170|0x00000010ab000000, 0x00000010ac000000, 0x00000010ac000000|100%| O|  |TAMS 0x00000010ab000000| PB 0x00000010ab000000| Untracked |  0
| 171|0x00000010ac000000, 0x00000010ad000000, 0x00000010ad000000|100%| O|  |TAMS 0x00000010ac000000| PB 0x00000010ac000000| Untracked |  0
| 172|0x00000010ad000000, 0x00000010ae000000, 0x00000010ae000000|100%| O|  |TAMS 0x00000010ad000000| PB 0x00000010ad000000| Untracked |  0
| 173|0x00000010ae000000, 0x00000010af000000, 0x00000010af000000|100%| O|  |TAMS 0x00000010ae000000| PB 0x00000010ae000000| Untracked |  0
| 174|0x00000010af000000, 0x00000010b0000000, 0x00000010b0000000|100%| O|  |TAMS 0x00000010af000000| PB 0x00000010af000000| Untracked |  0
| 175|0x00000010b0000000, 0x00000010b1000000, 0x00000010b1000000|100%| O|  |TAMS 0x00000010b0000000| PB 0x00000010b0000000| Untracked |  0
| 176|0x00000010b1000000, 0x00000010b2000000, 0x00000010b2000000|100%| O|  |TAMS 0x00000010b1000000| PB 0x00000010b1000000| Untracked |  0
| 177|0x00000010b2000000, 0x00000010b3000000, 0x00000010b3000000|100%| O|  |TAMS 0x00000010b2000000| PB 0x00000010b2000000| Untracked |  0
| 178|0x00000010b3000000, 0x00000010b4000000, 0x00000010b4000000|100%| O|  |TAMS 0x00000010b3000000| PB 0x00000010b3000000| Untracked |  0
| 179|0x00000010b4000000, 0x00000010b5000000, 0x00000010b5000000|100%| O|  |TAMS 0x00000010b4000000| PB 0x00000010b4000000| Untracked |  0
| 180|0x00000010b5000000, 0x00000010b6000000, 0x00000010b6000000|100%| O|  |TAMS 0x00000010b5000000| PB 0x00000010b5000000| Untracked |  0
| 181|0x00000010b6000000, 0x00000010b7000000, 0x00000010b7000000|100%| O|  |TAMS 0x00000010b6000000| PB 0x00000010b6000000| Untracked |  0
| 182|0x00000010b7000000, 0x00000010b8000000, 0x00000010b8000000|100%| O|  |TAMS 0x00000010b7000000| PB 0x00000010b7000000| Untracked |  0
| 183|0x00000010b8000000, 0x00000010b9000000, 0x00000010b9000000|100%| O|  |TAMS 0x00000010b8000000| PB 0x00000010b8000000| Untracked |  0
| 184|0x00000010b9000000, 0x00000010ba000000, 0x00000010ba000000|100%| O|  |TAMS 0x00000010b9000000| PB 0x00000010b9000000| Untracked |  0
| 185|0x00000010ba000000, 0x00000010bb000000, 0x00000010bb000000|100%| O|  |TAMS 0x00000010ba000000| PB 0x00000010ba000000| Untracked |  0
| 186|0x00000010bb000000, 0x00000010bc000000, 0x00000010bc000000|100%| O|  |TAMS 0x00000010bb000000| PB 0x00000010bb000000| Untracked |  0
| 187|0x00000010bc000000, 0x00000010bd000000, 0x00000010bd000000|100%| O|  |TAMS 0x00000010bc000000| PB 0x00000010bc000000| Untracked |  0
| 188|0x00000010bd000000, 0x00000010be000000, 0x00000010be000000|100%| O|  |TAMS 0x00000010bd000000| PB 0x00000010bd000000| Untracked |  0
| 189|0x00000010be000000, 0x00000010bf000000, 0x00000010bf000000|100%| O|  |TAMS 0x00000010be000000| PB 0x00000010be000000| Untracked |  0
| 190|0x00000010bf000000, 0x00000010c0000000, 0x00000010c0000000|100%| O|  |TAMS 0x00000010bf000000| PB 0x00000010bf000000| Untracked |  0
| 191|0x00000010c0000000, 0x00000010c1000000, 0x00000010c1000000|100%| O|  |TAMS 0x00000010c0000000| PB 0x00000010c0000000| Untracked |  0
| 192|0x00000010c1000000, 0x00000010c2000000, 0x00000010c2000000|100%| O|  |TAMS 0x00000010c1000000| PB 0x00000010c1000000| Untracked |  0
| 193|0x00000010c2000000, 0x00000010c3000000, 0x00000010c3000000|100%| O|  |TAMS 0x00000010c2000000| PB 0x00000010c2000000| Untracked |  0
| 194|0x00000010c3000000, 0x00000010c4000000, 0x00000010c4000000|100%| O|  |TAMS 0x00000010c3000000| PB 0x00000010c3000000| Untracked |  0
| 195|0x00000010c4000000, 0x00000010c5000000, 0x00000010c5000000|100%| O|  |TAMS 0x00000010c4000000| PB 0x00000010c4000000| Untracked |  0
| 196|0x00000010c5000000, 0x00000010c6000000, 0x00000010c6000000|100%| O|  |TAMS 0x00000010c5000000| PB 0x00000010c5000000| Untracked |  0
| 197|0x00000010c6000000, 0x00000010c7000000, 0x00000010c7000000|100%| O|  |TAMS 0x00000010c6000000| PB 0x00000010c6000000| Untracked |  0
| 198|0x00000010c7000000, 0x00000010c8000000, 0x00000010c8000000|100%| O|  |TAMS 0x00000010c7000000| PB 0x00000010c7000000| Untracked |  0
| 199|0x00000010c8000000, 0x00000010c9000000, 0x00000010c9000000|100%| O|  |TAMS 0x00000010c8000000| PB 0x00000010c8000000| Untracked |  0
| 200|0x00000010c9000000, 0x00000010ca000000, 0x00000010ca000000|100%| O|  |TAMS 0x00000010c9000000| PB 0x00000010c9000000| Untracked |  0
| 201|0x00000010ca000000, 0x00000010cb000000, 0x00000010cb000000|100%| O|  |TAMS 0x00000010ca000000| PB 0x00000010ca000000| Untracked |  0
| 202|0x00000010cb000000, 0x00000010cc000000, 0x00000010cc000000|100%| O|  |TAMS 0x00000010cb000000| PB 0x00000010cb000000| Untracked |  0
| 203|0x00000010cc000000, 0x00000010cd000000, 0x00000010cd000000|100%| O|  |TAMS 0x00000010cc000000| PB 0x00000010cc000000| Untracked |  0
| 204|0x00000010cd000000, 0x00000010ce000000, 0x00000010ce000000|100%| O|  |TAMS 0x00000010cd000000| PB 0x00000010cd000000| Untracked |  0
| 205|0x00000010ce000000, 0x00000010cf000000, 0x00000010cf000000|100%| O|  |TAMS 0x00000010ce000000| PB 0x00000010ce000000| Untracked |  0
| 206|0x00000010cf000000, 0x00000010cf000000, 0x00000010d0000000|  0%| F|  |TAMS 0x00000010cf000000| PB 0x00000010cf000000| Untracked |  0
| 207|0x00000010d0000000, 0x00000010d0000000, 0x00000010d1000000|  0%| F|  |TAMS 0x00000010d0000000| PB 0x00000010d0000000| Untracked |  0
| 208|0x00000010d1000000, 0x00000010d2000000, 0x00000010d2000000|100%| O|  |TAMS 0x00000010d1000000| PB 0x00000010d1000000| Untracked |  0
| 209|0x00000010d2000000, 0x00000010d3000000, 0x00000010d3000000|100%| O|  |TAMS 0x00000010d2000000| PB 0x00000010d2000000| Untracked |  0
| 210|0x00000010d3000000, 0x00000010d4000000, 0x00000010d4000000|100%| O|  |TAMS 0x00000010d3000000| PB 0x00000010d3000000| Untracked |  0
| 211|0x00000010d4000000, 0x00000010d5000000, 0x00000010d5000000|100%| O|  |TAMS 0x00000010d4000000| PB 0x00000010d4000000| Untracked |  0
| 212|0x00000010d5000000, 0x00000010d6000000, 0x00000010d6000000|100%| O|  |TAMS 0x00000010d5000000| PB 0x00000010d5000000| Untracked |  0
| 213|0x00000010d6000000, 0x00000010d7000000, 0x00000010d7000000|100%| O|  |TAMS 0x00000010d6000000| PB 0x00000010d6000000| Untracked |  0
| 214|0x00000010d7000000, 0x00000010d8000000, 0x00000010d8000000|100%| O|  |TAMS 0x00000010d7000000| PB 0x00000010d7000000| Untracked |  0
| 215|0x00000010d8000000, 0x00000010d9000000, 0x00000010d9000000|100%| O|  |TAMS 0x00000010d8000000| PB 0x00000010d8000000| Untracked |  0
| 216|0x00000010d9000000, 0x00000010da000000, 0x00000010da000000|100%| O|  |TAMS 0x00000010d9000000| PB 0x00000010d9000000| Untracked |  0
| 217|0x00000010da000000, 0x00000010db000000, 0x00000010db000000|100%| O|  |TAMS 0x00000010da000000| PB 0x00000010da000000| Untracked |  0
| 218|0x00000010db000000, 0x00000010dc000000, 0x00000010dc000000|100%| O|  |TAMS 0x00000010db000000| PB 0x00000010db000000| Untracked |  0
| 219|0x00000010dc000000, 0x00000010dd000000, 0x00000010dd000000|100%| O|  |TAMS 0x00000010dc000000| PB 0x00000010dc000000| Untracked |  0
| 220|0x00000010dd000000, 0x00000010de000000, 0x00000010de000000|100%| O|  |TAMS 0x00000010dd000000| PB 0x00000010dd000000| Untracked |  0
| 221|0x00000010de000000, 0x00000010df000000, 0x00000010df000000|100%| O|  |TAMS 0x00000010de000000| PB 0x00000010de000000| Untracked |  0
| 222|0x00000010df000000, 0x00000010e0000000, 0x00000010e0000000|100%| O|  |TAMS 0x00000010df000000| PB 0x00000010df000000| Untracked |  0
| 223|0x00000010e0000000, 0x00000010e1000000, 0x00000010e1000000|100%| O|  |TAMS 0x00000010e0000000| PB 0x00000010e0000000| Untracked |  0
| 224|0x00000010e1000000, 0x00000010e2000000, 0x00000010e2000000|100%| O|  |TAMS 0x00000010e1000000| PB 0x00000010e1000000| Untracked |  0
| 225|0x00000010e2000000, 0x00000010e3000000, 0x00000010e3000000|100%| O|  |TAMS 0x00000010e2000000| PB 0x00000010e2000000| Untracked |  0
| 226|0x00000010e3000000, 0x00000010e4000000, 0x00000010e4000000|100%| O|  |TAMS 0x00000010e3000000| PB 0x00000010e3000000| Untracked |  0
| 227|0x00000010e4000000, 0x00000010e5000000, 0x00000010e5000000|100%| O|  |TAMS 0x00000010e4000000| PB 0x00000010e4000000| Untracked |  0
| 228|0x00000010e5000000, 0x00000010e6000000, 0x00000010e6000000|100%| O|  |TAMS 0x00000010e5000000| PB 0x00000010e5000000| Untracked |  0
| 229|0x00000010e6000000, 0x00000010e7000000, 0x00000010e7000000|100%| O|  |TAMS 0x00000010e6000000| PB 0x00000010e6000000| Untracked |  0
| 230|0x00000010e7000000, 0x00000010e8000000, 0x00000010e8000000|100%| O|  |TAMS 0x00000010e7000000| PB 0x00000010e7000000| Untracked |  0
| 231|0x00000010e8000000, 0x00000010e9000000, 0x00000010e9000000|100%| O|  |TAMS 0x00000010e8000000| PB 0x00000010e8000000| Untracked |  0
| 232|0x00000010e9000000, 0x00000010ea000000, 0x00000010ea000000|100%| O|  |TAMS 0x00000010e9000000| PB 0x00000010e9000000| Untracked |  0
| 233|0x00000010ea000000, 0x00000010eb000000, 0x00000010eb000000|100%| O|  |TAMS 0x00000010ea000000| PB 0x00000010ea000000| Untracked |  0
| 234|0x00000010eb000000, 0x00000010ec000000, 0x00000010ec000000|100%| O|  |TAMS 0x00000010eb000000| PB 0x00000010eb000000| Untracked |  0
| 235|0x00000010ec000000, 0x00000010ed000000, 0x00000010ed000000|100%| O|  |TAMS 0x00000010ec000000| PB 0x00000010ec000000| Untracked |  0
| 236|0x00000010ed000000, 0x00000010ee000000, 0x00000010ee000000|100%| O|  |TAMS 0x00000010ed000000| PB 0x00000010ed000000| Untracked |  0
| 237|0x00000010ee000000, 0x00000010ef000000, 0x00000010ef000000|100%| O|  |TAMS 0x00000010ee000000| PB 0x00000010ee000000| Untracked |  0
| 238|0x00000010ef000000, 0x00000010f0000000, 0x00000010f0000000|100%| O|  |TAMS 0x00000010ef000000| PB 0x00000010ef000000| Untracked |  0
| 239|0x00000010f0000000, 0x00000010f1000000, 0x00000010f1000000|100%| O|  |TAMS 0x00000010f0000000| PB 0x00000010f0000000| Untracked |  0
| 240|0x00000010f1000000, 0x00000010f2000000, 0x00000010f2000000|100%| O|  |TAMS 0x00000010f1000000| PB 0x00000010f1000000| Untracked |  0
| 241|0x00000010f2000000, 0x00000010f3000000, 0x00000010f3000000|100%| O|  |TAMS 0x00000010f2000000| PB 0x00000010f2000000| Untracked |  0
| 242|0x00000010f3000000, 0x00000010f4000000, 0x00000010f4000000|100%| O|  |TAMS 0x00000010f3000000| PB 0x00000010f3000000| Untracked |  0
| 243|0x00000010f4000000, 0x00000010f5000000, 0x00000010f5000000|100%| O|  |TAMS 0x00000010f4000000| PB 0x00000010f4000000| Untracked |  0
| 244|0x00000010f5000000, 0x00000010f6000000, 0x00000010f6000000|100%| O|  |TAMS 0x00000010f5000000| PB 0x00000010f5000000| Untracked |  0
| 245|0x00000010f6000000, 0x00000010f7000000, 0x00000010f7000000|100%| O|  |TAMS 0x00000010f6000000| PB 0x00000010f6000000| Untracked |  0
| 246|0x00000010f7000000, 0x00000010f8000000, 0x00000010f8000000|100%| O|  |TAMS 0x00000010f7000000| PB 0x00000010f7000000| Untracked |  0
| 247|0x00000010f8000000, 0x00000010f9000000, 0x00000010f9000000|100%| O|  |TAMS 0x00000010f8000000| PB 0x00000010f8000000| Untracked |  0
| 248|0x00000010f9000000, 0x00000010fa000000, 0x00000010fa000000|100%| O|  |TAMS 0x00000010f9000000| PB 0x00000010f9000000| Untracked |  0
| 249|0x00000010fa000000, 0x00000010fb000000, 0x00000010fb000000|100%| O|  |TAMS 0x00000010fa000000| PB 0x00000010fa000000| Untracked |  0
| 250|0x00000010fb000000, 0x00000010fc000000, 0x00000010fc000000|100%| O|  |TAMS 0x00000010fb000000| PB 0x00000010fb000000| Untracked |  0
| 251|0x00000010fc000000, 0x00000010fd000000, 0x00000010fd000000|100%| O|  |TAMS 0x00000010fc000000| PB 0x00000010fc000000| Untracked |  0
| 252|0x00000010fd000000, 0x00000010fe000000, 0x00000010fe000000|100%| O|  |TAMS 0x00000010fd000000| PB 0x00000010fd000000| Untracked |  0
| 253|0x00000010fe000000, 0x00000010ff000000, 0x00000010ff000000|100%| O|  |TAMS 0x00000010fe000000| PB 0x00000010fe000000| Untracked |  0
| 254|0x00000010ff000000, 0x0000001100000000, 0x0000001100000000|100%| O|  |TAMS 0x00000010ff000000| PB 0x00000010ff000000| Untracked |  0
| 255|0x0000001100000000, 0x0000001101000000, 0x0000001101000000|100%| O|  |TAMS 0x0000001100000000| PB 0x0000001100000000| Untracked |  0
| 256|0x0000001101000000, 0x0000001102000000, 0x0000001102000000|100%| O|  |TAMS 0x0000001101000000| PB 0x0000001101000000| Untracked |  0
| 257|0x0000001102000000, 0x0000001103000000, 0x0000001103000000|100%| O|  |TAMS 0x0000001102000000| PB 0x0000001102000000| Untracked |  0
| 258|0x0000001103000000, 0x0000001104000000, 0x0000001104000000|100%| O|  |TAMS 0x0000001103000000| PB 0x0000001103000000| Untracked |  0
| 259|0x0000001104000000, 0x0000001105000000, 0x0000001105000000|100%| O|  |TAMS 0x0000001104000000| PB 0x0000001104000000| Untracked |  0
| 260|0x0000001105000000, 0x0000001106000000, 0x0000001106000000|100%| O|  |TAMS 0x0000001105000000| PB 0x0000001105000000| Untracked |  0
| 261|0x0000001106000000, 0x0000001107000000, 0x0000001107000000|100%| O|  |TAMS 0x0000001106000000| PB 0x0000001106000000| Untracked |  0
| 262|0x0000001107000000, 0x0000001108000000, 0x0000001108000000|100%| O|  |TAMS 0x0000001107000000| PB 0x0000001107000000| Untracked |  0
| 263|0x0000001108000000, 0x0000001108e4c720, 0x0000001109000000| 89%| O|  |TAMS 0x0000001108000000| PB 0x0000001108000000| Untracked |  0
| 264|0x0000001109000000, 0x0000001109000000, 0x000000110a000000|  0%| F|  |TAMS 0x0000001109000000| PB 0x0000001109000000| Untracked |  0
| 265|0x000000110a000000, 0x000000110a000000, 0x000000110b000000|  0%| F|  |TAMS 0x000000110a000000| PB 0x000000110a000000| Untracked |  0
| 266|0x000000110b000000, 0x000000110b000000, 0x000000110c000000|  0%| F|  |TAMS 0x000000110b000000| PB 0x000000110b000000| Untracked |  0
| 267|0x000000110c000000, 0x000000110c000000, 0x000000110d000000|  0%| F|  |TAMS 0x000000110c000000| PB 0x000000110c000000| Untracked |  0
| 268|0x000000110d000000, 0x000000110d000000, 0x000000110e000000|  0%| F|  |TAMS 0x000000110d000000| PB 0x000000110d000000| Untracked |  0
| 269|0x000000110e000000, 0x000000110e000000, 0x000000110f000000|  0%| F|  |TAMS 0x000000110e000000| PB 0x000000110e000000| Untracked |  0
| 270|0x000000110f000000, 0x000000110f000000, 0x0000001110000000|  0%| F|  |TAMS 0x000000110f000000| PB 0x000000110f000000| Untracked |  0
| 271|0x0000001110000000, 0x0000001111000000, 0x0000001111000000|100%| S|CS|TAMS 0x0000001110000000| PB 0x0000001110000000| Complete |  0
| 272|0x0000001111000000, 0x0000001112000000, 0x0000001112000000|100%| S|CS|TAMS 0x0000001111000000| PB 0x0000001111000000| Complete |  0
| 273|0x0000001112000000, 0x0000001113000000, 0x0000001113000000|100%| S|CS|TAMS 0x0000001112000000| PB 0x0000001112000000| Complete |  0
| 274|0x0000001113000000, 0x0000001114000000, 0x0000001114000000|100%| S|CS|TAMS 0x0000001113000000| PB 0x0000001113000000| Complete |  0
| 275|0x0000001114000000, 0x0000001115000000, 0x0000001115000000|100%| S|CS|TAMS 0x0000001114000000| PB 0x0000001114000000| Complete |  0
| 276|0x0000001115000000, 0x0000001116000000, 0x0000001116000000|100%| S|CS|TAMS 0x0000001115000000| PB 0x0000001115000000| Complete |  0
| 277|0x0000001116000000, 0x0000001117000000, 0x0000001117000000|100%| S|CS|TAMS 0x0000001116000000| PB 0x0000001116000000| Complete |  0
| 278|0x0000001117000000, 0x0000001118000000, 0x0000001118000000|100%| S|CS|TAMS 0x0000001117000000| PB 0x0000001117000000| Complete |  0
| 279|0x0000001118000000, 0x0000001119000000, 0x0000001119000000|100%| S|CS|TAMS 0x0000001118000000| PB 0x0000001118000000| Complete |  0
| 280|0x0000001119000000, 0x000000111a000000, 0x000000111a000000|100%| S|CS|TAMS 0x0000001119000000| PB 0x0000001119000000| Complete |  0
| 281|0x000000111a000000, 0x000000111b000000, 0x000000111b000000|100%| S|CS|TAMS 0x000000111a000000| PB 0x000000111a000000| Complete |  0
| 282|0x000000111b000000, 0x000000111c000000, 0x000000111c000000|100%| S|CS|TAMS 0x000000111b000000| PB 0x000000111b000000| Complete |  0
| 283|0x000000111c000000, 0x000000111c000000, 0x000000111d000000|  0%| F|  |TAMS 0x000000111c000000| PB 0x000000111c000000| Untracked |  0
| 284|0x000000111d000000, 0x000000111d000000, 0x000000111e000000|  0%| F|  |TAMS 0x000000111d000000| PB 0x000000111d000000| Untracked |  0
| 285|0x000000111e000000, 0x000000111e000000, 0x000000111f000000|  0%| F|  |TAMS 0x000000111e000000| PB 0x000000111e000000| Untracked |  0
| 286|0x000000111f000000, 0x000000111f000000, 0x0000001120000000|  0%| F|  |TAMS 0x000000111f000000| PB 0x000000111f000000| Untracked |  0
| 287|0x0000001120000000, 0x0000001120000000, 0x0000001121000000|  0%| F|  |TAMS 0x0000001120000000| PB 0x0000001120000000| Untracked |  0
| 288|0x0000001121000000, 0x0000001121000000, 0x0000001122000000|  0%| F|  |TAMS 0x0000001121000000| PB 0x0000001121000000| Untracked |  0
| 289|0x0000001122000000, 0x0000001122000000, 0x0000001123000000|  0%| F|  |TAMS 0x0000001122000000| PB 0x0000001122000000| Untracked |  0
| 290|0x0000001123000000, 0x0000001123000000, 0x0000001124000000|  0%| F|  |TAMS 0x0000001123000000| PB 0x0000001123000000| Untracked |  0
| 291|0x0000001124000000, 0x0000001124000000, 0x0000001125000000|  0%| F|  |TAMS 0x0000001124000000| PB 0x0000001124000000| Untracked |  0
| 292|0x0000001125000000, 0x0000001125000000, 0x0000001126000000|  0%| F|  |TAMS 0x0000001125000000| PB 0x0000001125000000| Untracked |  0
| 293|0x0000001126000000, 0x0000001126000000, 0x0000001127000000|  0%| F|  |TAMS 0x0000001126000000| PB 0x0000001126000000| Untracked |  0
| 294|0x0000001127000000, 0x0000001127000000, 0x0000001128000000|  0%| F|  |TAMS 0x0000001127000000| PB 0x0000001127000000| Untracked |  0
| 295|0x0000001128000000, 0x0000001128000000, 0x0000001129000000|  0%| F|  |TAMS 0x0000001128000000| PB 0x0000001128000000| Untracked |  0
| 296|0x0000001129000000, 0x0000001129000000, 0x000000112a000000|  0%| F|  |TAMS 0x0000001129000000| PB 0x0000001129000000| Untracked |  0
| 297|0x000000112a000000, 0x000000112a000000, 0x000000112b000000|  0%| F|  |TAMS 0x000000112a000000| PB 0x000000112a000000| Untracked |  0
| 298|0x000000112b000000, 0x000000112b000000, 0x000000112c000000|  0%| F|  |TAMS 0x000000112b000000| PB 0x000000112b000000| Untracked |  0
| 299|0x000000112c000000, 0x000000112c000000, 0x000000112d000000|  0%| F|  |TAMS 0x000000112c000000| PB 0x000000112c000000| Untracked |  0
| 300|0x000000112d000000, 0x000000112d000000, 0x000000112e000000|  0%| F|  |TAMS 0x000000112d000000| PB 0x000000112d000000| Untracked |  0
| 301|0x000000112e000000, 0x000000112e000000, 0x000000112f000000|  0%| F|  |TAMS 0x000000112e000000| PB 0x000000112e000000| Untracked |  0
| 302|0x000000112f000000, 0x000000112f000000, 0x0000001130000000|  0%| F|  |TAMS 0x000000112f000000| PB 0x000000112f000000| Untracked |  0
| 303|0x0000001130000000, 0x0000001130000000, 0x0000001131000000|  0%| F|  |TAMS 0x0000001130000000| PB 0x0000001130000000| Untracked |  0
| 304|0x0000001131000000, 0x0000001131000000, 0x0000001132000000|  0%| F|  |TAMS 0x0000001131000000| PB 0x0000001131000000| Untracked |  0
| 305|0x0000001132000000, 0x0000001132000000, 0x0000001133000000|  0%| F|  |TAMS 0x0000001132000000| PB 0x0000001132000000| Untracked |  0
| 306|0x0000001133000000, 0x0000001133000000, 0x0000001134000000|  0%| F|  |TAMS 0x0000001133000000| PB 0x0000001133000000| Untracked |  0
| 307|0x0000001134000000, 0x0000001134000000, 0x0000001135000000|  0%| F|  |TAMS 0x0000001134000000| PB 0x0000001134000000| Untracked |  0
| 308|0x0000001135000000, 0x0000001135000000, 0x0000001136000000|  0%| F|  |TAMS 0x0000001135000000| PB 0x0000001135000000| Untracked |  0
| 309|0x0000001136000000, 0x0000001136000000, 0x0000001137000000|  0%| F|  |TAMS 0x0000001136000000| PB 0x0000001136000000| Untracked |  0
| 310|0x0000001137000000, 0x0000001137000000, 0x0000001138000000|  0%| F|  |TAMS 0x0000001137000000| PB 0x0000001137000000| Untracked |  0
| 311|0x0000001138000000, 0x0000001138000000, 0x0000001139000000|  0%| F|  |TAMS 0x0000001138000000| PB 0x0000001138000000| Untracked |  0
| 312|0x0000001139000000, 0x0000001139000000, 0x000000113a000000|  0%| F|  |TAMS 0x0000001139000000| PB 0x0000001139000000| Untracked |  0
| 313|0x000000113a000000, 0x000000113a000000, 0x000000113b000000|  0%| F|  |TAMS 0x000000113a000000| PB 0x000000113a000000| Untracked |  0
| 314|0x000000113b000000, 0x000000113b000000, 0x000000113c000000|  0%| F|  |TAMS 0x000000113b000000| PB 0x000000113b000000| Untracked |  0
| 315|0x000000113c000000, 0x000000113c000000, 0x000000113d000000|  0%| F|  |TAMS 0x000000113c000000| PB 0x000000113c000000| Untracked |  0
| 316|0x000000113d000000, 0x000000113d000000, 0x000000113e000000|  0%| F|  |TAMS 0x000000113d000000| PB 0x000000113d000000| Untracked |  0
| 317|0x000000113e000000, 0x000000113e000000, 0x000000113f000000|  0%| F|  |TAMS 0x000000113e000000| PB 0x000000113e000000| Untracked |  0
| 318|0x000000113f000000, 0x000000113f000000, 0x0000001140000000|  0%| F|  |TAMS 0x000000113f000000| PB 0x000000113f000000| Untracked |  0
| 319|0x0000001140000000, 0x0000001140000000, 0x0000001141000000|  0%| F|  |TAMS 0x0000001140000000| PB 0x0000001140000000| Untracked |  0
| 320|0x0000001141000000, 0x00000011419d4c10, 0x0000001142000000| 61%| E|  |TAMS 0x0000001141000000| PB 0x0000001141000000| Complete |  1
| 321|0x0000001142000000, 0x0000001143000000, 0x0000001143000000|100%| E|CS|TAMS 0x0000001142000000| PB 0x0000001142000000| Complete |  0
| 322|0x0000001143000000, 0x0000001144000000, 0x0000001144000000|100%| E|CS|TAMS 0x0000001143000000| PB 0x0000001143000000| Complete |  0
| 323|0x0000001144000000, 0x0000001145000000, 0x0000001145000000|100%| E|CS|TAMS 0x0000001144000000| PB 0x0000001144000000| Complete |  0
| 324|0x0000001145000000, 0x0000001146000000, 0x0000001146000000|100%| E|CS|TAMS 0x0000001145000000| PB 0x0000001145000000| Complete |  0
| 325|0x0000001146000000, 0x0000001147000000, 0x0000001147000000|100%| E|CS|TAMS 0x0000001146000000| PB 0x0000001146000000| Complete |  0
| 326|0x0000001147000000, 0x0000001148000000, 0x0000001148000000|100%| E|CS|TAMS 0x0000001147000000| PB 0x0000001147000000| Complete |  0
| 327|0x0000001148000000, 0x0000001149000000, 0x0000001149000000|100%| E|CS|TAMS 0x0000001148000000| PB 0x0000001148000000| Complete |  0
| 328|0x0000001149000000, 0x000000114a000000, 0x000000114a000000|100%| E|CS|TAMS 0x0000001149000000| PB 0x0000001149000000| Complete |  0
| 329|0x000000114a000000, 0x000000114b000000, 0x000000114b000000|100%| E|CS|TAMS 0x000000114a000000| PB 0x000000114a000000| Complete |  0
| 330|0x000000114b000000, 0x000000114c000000, 0x000000114c000000|100%| E|CS|TAMS 0x000000114b000000| PB 0x000000114b000000| Complete |  0
| 331|0x000000114c000000, 0x000000114d000000, 0x000000114d000000|100%| E|CS|TAMS 0x000000114c000000| PB 0x000000114c000000| Complete |  0
| 332|0x000000114d000000, 0x000000114e000000, 0x000000114e000000|100%| E|CS|TAMS 0x000000114d000000| PB 0x000000114d000000| Complete |  0
| 333|0x000000114e000000, 0x000000114f000000, 0x000000114f000000|100%| E|CS|TAMS 0x000000114e000000| PB 0x000000114e000000| Complete |  0
| 334|0x000000114f000000, 0x0000001150000000, 0x0000001150000000|100%| E|CS|TAMS 0x000000114f000000| PB 0x000000114f000000| Complete |  0
| 335|0x0000001150000000, 0x0000001151000000, 0x0000001151000000|100%| E|CS|TAMS 0x0000001150000000| PB 0x0000001150000000| Complete |  0
| 336|0x0000001151000000, 0x0000001152000000, 0x0000001152000000|100%| E|CS|TAMS 0x0000001151000000| PB 0x0000001151000000| Complete |  0
| 337|0x0000001152000000, 0x0000001153000000, 0x0000001153000000|100%| E|CS|TAMS 0x0000001152000000| PB 0x0000001152000000| Complete |  0
| 338|0x0000001153000000, 0x0000001154000000, 0x0000001154000000|100%| E|CS|TAMS 0x0000001153000000| PB 0x0000001153000000| Complete |  0
| 339|0x0000001154000000, 0x0000001155000000, 0x0000001155000000|100%| E|CS|TAMS 0x0000001154000000| PB 0x0000001154000000| Complete |  0
| 340|0x0000001155000000, 0x0000001156000000, 0x0000001156000000|100%| E|CS|TAMS 0x0000001155000000| PB 0x0000001155000000| Complete |  0
| 341|0x0000001156000000, 0x0000001157000000, 0x0000001157000000|100%| E|CS|TAMS 0x0000001156000000| PB 0x0000001156000000| Complete |  0
| 342|0x0000001157000000, 0x0000001158000000, 0x0000001158000000|100%| E|CS|TAMS 0x0000001157000000| PB 0x0000001157000000| Complete |  0
| 343|0x0000001158000000, 0x0000001159000000, 0x0000001159000000|100%| E|CS|TAMS 0x0000001158000000| PB 0x0000001158000000| Complete |  0
| 344|0x0000001159000000, 0x000000115a000000, 0x000000115a000000|100%| E|CS|TAMS 0x0000001159000000| PB 0x0000001159000000| Complete |  0
| 345|0x000000115a000000, 0x000000115b000000, 0x000000115b000000|100%| E|CS|TAMS 0x000000115a000000| PB 0x000000115a000000| Complete |  0
| 346|0x000000115b000000, 0x000000115c000000, 0x000000115c000000|100%| E|CS|TAMS 0x000000115b000000| PB 0x000000115b000000| Complete |  0
| 347|0x000000115c000000, 0x000000115d000000, 0x000000115d000000|100%| E|CS|TAMS 0x000000115c000000| PB 0x000000115c000000| Complete |  0
| 348|0x000000115d000000, 0x000000115e000000, 0x000000115e000000|100%| E|CS|TAMS 0x000000115d000000| PB 0x000000115d000000| Complete |  0
| 349|0x000000115e000000, 0x000000115f000000, 0x000000115f000000|100%| E|CS|TAMS 0x000000115e000000| PB 0x000000115e000000| Complete |  0
| 350|0x000000115f000000, 0x0000001160000000, 0x0000001160000000|100%| E|CS|TAMS 0x000000115f000000| PB 0x000000115f000000| Complete |  0
| 351|0x0000001160000000, 0x0000001161000000, 0x0000001161000000|100%| E|CS|TAMS 0x0000001160000000| PB 0x0000001160000000| Complete |  0
| 352|0x0000001161000000, 0x0000001162000000, 0x0000001162000000|100%| E|CS|TAMS 0x0000001161000000| PB 0x0000001161000000| Complete |  0
| 353|0x0000001162000000, 0x0000001163000000, 0x0000001163000000|100%| E|CS|TAMS 0x0000001162000000| PB 0x0000001162000000| Complete |  0
| 354|0x0000001163000000, 0x0000001164000000, 0x0000001164000000|100%| E|CS|TAMS 0x0000001163000000| PB 0x0000001163000000| Complete |  0
| 355|0x0000001164000000, 0x0000001165000000, 0x0000001165000000|100%| E|CS|TAMS 0x0000001164000000| PB 0x0000001164000000| Complete |  0
| 356|0x0000001165000000, 0x0000001166000000, 0x0000001166000000|100%| E|CS|TAMS 0x0000001165000000| PB 0x0000001165000000| Complete |  0
| 357|0x0000001166000000, 0x0000001167000000, 0x0000001167000000|100%| E|CS|TAMS 0x0000001166000000| PB 0x0000001166000000| Complete |  0
| 358|0x0000001167000000, 0x0000001168000000, 0x0000001168000000|100%| E|CS|TAMS 0x0000001167000000| PB 0x0000001167000000| Complete |  0
| 359|0x0000001168000000, 0x0000001169000000, 0x0000001169000000|100%| E|CS|TAMS 0x0000001168000000| PB 0x0000001168000000| Complete |  0
| 360|0x0000001169000000, 0x000000116a000000, 0x000000116a000000|100%| E|CS|TAMS 0x0000001169000000| PB 0x0000001169000000| Complete |  0
| 361|0x000000116a000000, 0x000000116b000000, 0x000000116b000000|100%| E|CS|TAMS 0x000000116a000000| PB 0x000000116a000000| Complete |  0
| 362|0x000000116b000000, 0x000000116c000000, 0x000000116c000000|100%| E|CS|TAMS 0x000000116b000000| PB 0x000000116b000000| Complete |  0
| 363|0x000000116c000000, 0x000000116d000000, 0x000000116d000000|100%| E|CS|TAMS 0x000000116c000000| PB 0x000000116c000000| Complete |  0
| 364|0x000000116d000000, 0x000000116e000000, 0x000000116e000000|100%| E|CS|TAMS 0x000000116d000000| PB 0x000000116d000000| Complete |  0
| 365|0x000000116e000000, 0x000000116f000000, 0x000000116f000000|100%| E|CS|TAMS 0x000000116e000000| PB 0x000000116e000000| Complete |  0
| 366|0x000000116f000000, 0x0000001170000000, 0x0000001170000000|100%| E|CS|TAMS 0x000000116f000000| PB 0x000000116f000000| Complete |  0
| 367|0x0000001170000000, 0x0000001171000000, 0x0000001171000000|100%| E|CS|TAMS 0x0000001170000000| PB 0x0000001170000000| Complete |  0
|1862|0x0000001747000000, 0x0000001748000000, 0x0000001748000000|100%| E|CS|TAMS 0x0000001747000000| PB 0x0000001747000000| Complete |  0
|1863|0x0000001748000000, 0x0000001749000000, 0x0000001749000000|100%| E|CS|TAMS 0x0000001748000000| PB 0x0000001748000000| Complete |  0
|1864|0x0000001749000000, 0x000000174a000000, 0x000000174a000000|100%| E|CS|TAMS 0x0000001749000000| PB 0x0000001749000000| Complete |  0
|1865|0x000000174a000000, 0x000000174b000000, 0x000000174b000000|100%| E|CS|TAMS 0x000000174a000000| PB 0x000000174a000000| Complete |  0
|1866|0x000000174b000000, 0x000000174c000000, 0x000000174c000000|100%| E|CS|TAMS 0x000000174b000000| PB 0x000000174b000000| Complete |  0
|1867|0x000000174c000000, 0x000000174d000000, 0x000000174d000000|100%| E|CS|TAMS 0x000000174c000000| PB 0x000000174c000000| Complete |  0
|1868|0x000000174d000000, 0x000000174e000000, 0x000000174e000000|100%| O|  |TAMS 0x000000174d000000| PB 0x000000174d000000| Untracked |  0
|1869|0x000000174e000000, 0x000000174f000000, 0x000000174f000000|100%| O|  |TAMS 0x000000174e000000| PB 0x000000174e000000| Untracked |  0
|1870|0x000000174f000000, 0x0000001750000000, 0x0000001750000000|100%| O|  |TAMS 0x000000174f000000| PB 0x000000174f000000| Untracked |  0
|1871|0x0000001750000000, 0x0000001751000000, 0x0000001751000000|100%| O|  |TAMS 0x0000001750000000| PB 0x0000001750000000| Untracked |  0
|1872|0x0000001751000000, 0x0000001752000000, 0x0000001752000000|100%| O|  |TAMS 0x0000001751000000| PB 0x0000001751000000| Untracked |  0
|1873|0x0000001752000000, 0x0000001753000000, 0x0000001753000000|100%| O|  |TAMS 0x0000001752000000| PB 0x0000001752000000| Untracked |  0
|1874|0x0000001753000000, 0x0000001754000000, 0x0000001754000000|100%| O|  |TAMS 0x0000001753000000| PB 0x0000001753000000| Untracked |  0
|1875|0x0000001754000000, 0x0000001755000000, 0x0000001755000000|100%| O|  |TAMS 0x0000001754000000| PB 0x0000001754000000| Untracked |  0
|1876|0x0000001755000000, 0x0000001756000000, 0x0000001756000000|100%| O|  |TAMS 0x0000001755000000| PB 0x0000001755000000| Untracked |  0
|1877|0x0000001756000000, 0x0000001757000000, 0x0000001757000000|100%| O|  |TAMS 0x0000001756000000| PB 0x0000001756000000| Untracked |  0
|1878|0x0000001757000000, 0x0000001758000000, 0x0000001758000000|100%| O|  |TAMS 0x0000001757000000| PB 0x0000001757000000| Untracked |  0
|1879|0x0000001758000000, 0x0000001759000000, 0x0000001759000000|100%| O|  |TAMS 0x0000001758000000| PB 0x0000001758000000| Untracked |  0
|1880|0x0000001759000000, 0x000000175a000000, 0x000000175a000000|100%| O|  |TAMS 0x0000001759000000| PB 0x0000001759000000| Untracked |  0
|1881|0x000000175a000000, 0x000000175b000000, 0x000000175b000000|100%| O|  |TAMS 0x000000175a000000| PB 0x000000175a000000| Untracked |  0
|1882|0x000000175b000000, 0x000000175c000000, 0x000000175c000000|100%| O|  |TAMS 0x000000175b000000| PB 0x000000175b000000| Untracked |  0
|1883|0x000000175c000000, 0x000000175d000000, 0x000000175d000000|100%| O|  |TAMS 0x000000175c000000| PB 0x000000175c000000| Untracked |  0
|1884|0x000000175d000000, 0x000000175e000000, 0x000000175e000000|100%| O|  |TAMS 0x000000175d000000| PB 0x000000175d000000| Untracked |  0
|1885|0x000000175e000000, 0x000000175f000000, 0x000000175f000000|100%| O|  |TAMS 0x000000175e000000| PB 0x000000175e000000| Untracked |  0
|1886|0x000000175f000000, 0x0000001760000000, 0x0000001760000000|100%| O|  |TAMS 0x000000175f000000| PB 0x000000175f000000| Untracked |  0
|1887|0x0000001760000000, 0x0000001761000000, 0x0000001761000000|100%| O|  |TAMS 0x0000001760000000| PB 0x0000001760000000| Untracked |  0

Card table byte_map: [0x000001a403b00000,0x000001a407600000] _byte_map_base: 0x000001a3fbaf8000

Marking Bits: (CMBitMap*) 0x000001a47e174540
 Bits: [0x000001a407600000, 0x000001a424e00000)

Polling page: 0x000001a463ba0000

Metaspace:

Usage:
  Non-class:     52.72 MB used.
      Class:      7.09 MB used.
       Both:     59.81 MB used.

Virtual space:
  Non-class space:       64.00 MB reserved,      53.44 MB ( 83%) committed,  1 nodes.
      Class space:        1.00 GB reserved,       7.69 MB ( <1%) committed,  1 nodes.
             Both:        1.06 GB reserved,      61.12 MB (  6%) committed. 

Chunk freelists:
   Non-Class:  10.10 MB
       Class:  8.46 MB
        Both:  18.56 MB

MaxMetaspaceSize: unlimited
CompressedClassSpaceSize: 1.00 GB
Initial GC threshold: 21.00 MB
Current GC threshold: 101.56 MB
CDS: on
 - commit_granule_bytes: 65536.
 - commit_granule_words: 8192.
 - virtual_space_node_default_size: 8388608.
 - enlarge_chunks_in_place: 1.
 - use_allocation_guard: 0.


Internal statistics:

num_allocs_failed_limit: 18.
num_arena_births: 1966.
num_arena_deaths: 300.
num_vsnodes_births: 2.
num_vsnodes_deaths: 0.
num_space_committed: 978.
num_space_uncommitted: 0.
num_chunks_returned_to_freelist: 454.
num_chunks_taken_from_freelist: 4476.
num_chunk_merges: 135.
num_chunk_splits: 2827.
num_chunks_enlarged: 1695.
num_inconsistent_stats: 0.

CodeHeap 'non-profiled nmethods': size=119168Kb used=16718Kb max_used=17987Kb free=102449Kb
 bounds [0x000001a476310000, 0x000001a4774f0000, 0x000001a47d770000]
CodeHeap 'profiled nmethods': size=119104Kb used=21731Kb max_used=25702Kb free=97372Kb
 bounds [0x000001a46e770000, 0x000001a470090000, 0x000001a475bc0000]
CodeHeap 'non-nmethods': size=7488Kb used=2418Kb max_used=4217Kb free=5069Kb
 bounds [0x000001a475bc0000, 0x000001a476000000, 0x000001a476310000]
 total_blobs=14273 nmethods=13206 adapters=959
 compilation: enabled
              stopped_count=0, restarted_count=0
 full_count=0

Compilation events (20 events):
Event: 192.638 Thread 0x000001a47f1a3400 17963       4       org.matsim.core.population.routes.LinkNetworkRouteImpl::clone (5 bytes)
Event: 192.662 Thread 0x000001a47f1a3400 nmethod 17963 0x000001a476499c10 code [0x000001a476499e00, 0x000001a47649a998]
Event: 192.662 Thread 0x000001a47f1a3400 17964       4       org.matsim.pt.ReconstructingUmlaufBuilder::createUmlaufStuecke (197 bytes)
Event: 192.677 Thread 0x000001a4c5b76160 17966       3       org.matsim.core.mobsim.qsim.QSim::calculateFirstAgentStartTime (57 bytes)
Event: 192.678 Thread 0x000001a4c5b76160 nmethod 17966 0x000001a46fd67a90 code [0x000001a46fd67cc0, 0x000001a46fd683b8]
Event: 192.692 Thread 0x000001a47f1a3400 nmethod 17964 0x000001a476927610 code [0x000001a476927920, 0x000001a476928d50]
Event: 192.692 Thread 0x000001a47f1a3400 17965       4       java.util.concurrent.ConcurrentHashMap::sumCount (60 bytes)
Event: 192.693 Thread 0x000001a47f1a3400 nmethod 17965 0x000001a476ae4690 code [0x000001a476ae4800, 0x000001a476ae4928]
Event: 192.876 Thread 0x000001a47f1a45f0 17967       3       org.matsim.core.events.EventsManagerImpl::findHandler (44 bytes)
Event: 192.876 Thread 0x000001a47f1a45f0 nmethod 17967 0x000001a46fcf4810 code [0x000001a46fcf4a00, 0x000001a46fcf4f78]
Event: 199.873 Thread 0x000001a47f1a45f0 17968       3       org.matsim.core.mobsim.qsim.qnetsimengine.TransitQLink$QVehicleEarliestLinkExitTimeComparator::compare (52 bytes)
Event: 199.874 Thread 0x000001a47f1a45f0 nmethod 17968 0x000001a46fdddb90 code [0x000001a46fddddc0, 0x000001a46fdde620]
Event: 205.094 Thread 0x000001a47f1a3400 17969       4       org.matsim.core.mobsim.qsim.pt.TransitQVehicle::getEarliestLinkExitTime (8 bytes)
Event: 205.094 Thread 0x000001a47f1a3400 nmethod 17969 0x000001a476499790 code [0x000001a476499900, 0x000001a4764999a8]
Event: 210.022 Thread 0x000001a47f1a3400 17970       4       java.nio.CharBuffer::clear (7 bytes)
Event: 210.023 Thread 0x000001a47f1a3400 nmethod 17970 0x000001a476f69e10 code [0x000001a476f69f80, 0x000001a476f6a020]
Event: 210.668 Thread 0x000001a47f1a3400 17971       4       org.matsim.core.mobsim.qsim.pt.TransitQSimEngine::handleAgentPTDeparture (191 bytes)
Event: 210.701 Thread 0x000001a47f1a3400 nmethod 17971 0x000001a4768a5990 code [0x000001a4768a5e00, 0x000001a4768a9150]
Event: 214.216 Thread 0x000001a47f1a3400 17973       4       java.lang.invoke.LambdaForm$BasicType::basicType (187 bytes)
Event: 214.218 Thread 0x000001a47f1a3400 nmethod 17973 0x000001a476f69390 code [0x000001a476f69540, 0x000001a476f699b0]

GC Heap History (20 events):
Event: 115.652 GC heap before
{Heap before GC invocations=39 (full 0):
 garbage-first heap   total reserved 30932992K, committed 5799936K, used 4188697K [0x0000001001000000, 0x0000001761000000)
  region size 16384K, 49 young (802816K), 3 survivors (49152K)
 Metaspace       used 60694K, committed 62144K, reserved 1114112K
  class space    used 7235K, committed 7872K, reserved 1048576K
}
Event: 115.693 GC heap after
{Heap after GC invocations=40 (full 0):
 garbage-first heap   total reserved 30932992K, committed 5799936K, used 3526112K [0x0000001001000000, 0x0000001761000000)
  region size 16384K, 7 young (114688K), 7 survivors (114688K)
 Metaspace       used 60694K, committed 62144K, reserved 1114112K
  class space    used 7235K, committed 7872K, reserved 1048576K
}
Event: 119.567 GC heap before
{Heap before GC invocations=40 (full 0):
 garbage-first heap   total reserved 30932992K, committed 5799936K, used 4967904K [0x0000001001000000, 0x0000001761000000)
  region size 16384K, 95 young (1556480K), 7 survivors (114688K)
 Metaspace       used 60718K, committed 62144K, reserved 1114112K
  class space    used 7239K, committed 7872K, reserved 1048576K
}
Event: 119.670 GC heap after
{Heap after GC invocations=41 (full 0):
 garbage-first heap   total reserved 30932992K, committed 5799936K, used 3716205K [0x0000001001000000, 0x0000001761000000)
  region size 16384K, 12 young (196608K), 12 survivors (196608K)
 Metaspace       used 60718K, committed 62144K, reserved 1114112K
  class space    used 7239K, committed 7872K, reserved 1048576K
}
Event: 132.071 GC heap before
{Heap before GC invocations=41 (full 0):
 garbage-first heap   total reserved 30932992K, committed 5799936K, used 4519021K [0x0000001001000000, 0x0000001761000000)
  region size 16384K, 61 young (999424K), 12 survivors (196608K)
 Metaspace       used 60720K, committed 62144K, reserved 1114112K
  class space    used 7239K, committed 7872K, reserved 1048576K
}
Event: 132.147 GC heap after
{Heap after GC invocations=42 (full 0):
 garbage-first heap   total reserved 30932992K, committed 5799936K, used 3810862K [0x0000001001000000, 0x0000001761000000)
  region size 16384K, 5 young (81920K), 5 survivors (81920K)
 Metaspace       used 60720K, committed 62144K, reserved 1114112K
  class space    used 7239K, committed 7872K, reserved 1048576K
}
Event: 141.023 GC heap before
{Heap before GC invocations=43 (full 0):
 garbage-first heap   total reserved 30932992K, committed 6373376K, used 4941358K [0x0000001001000000, 0x0000001761000000)
  region size 16384K, 76 young (1245184K), 5 survivors (81920K)
 Metaspace       used 60897K, committed 62272K, reserved 1114112K
  class space    used 7239K, committed 7872K, reserved 1048576K
}
Event: 141.066 GC heap after
{Heap after GC invocations=44 (full 0):
 garbage-first heap   total reserved 30932992K, committed 6373376K, used 3877513K [0x0000001001000000, 0x0000001761000000)
  region size 16384K, 10 young (163840K), 10 survivors (163840K)
 Metaspace       used 60897K, committed 62272K, reserved 1114112K
  class space    used 7239K, committed 7872K, reserved 1048576K
}
Event: 150.541 GC heap before
{Heap before GC invocations=44 (full 0):
 garbage-first heap   total reserved 30932992K, committed 6373376K, used 5532297K [0x0000001001000000, 0x0000001761000000)
  region size 16384K, 110 young (1802240K), 10 survivors (163840K)
 Metaspace       used 60910K, committed 62272K, reserved 1114112K
  class space    used 7239K, committed 7872K, reserved 1048576K
}
Event: 150.698 GC heap after
{Heap after GC invocations=45 (full 0):
 garbage-first heap   total reserved 30932992K, committed 6373376K, used 4138242K [0x0000001001000000, 0x0000001761000000)
  region size 16384K, 14 young (229376K), 14 survivors (229376K)
 Metaspace       used 60910K, committed 62272K, reserved 1114112K
  class space    used 7239K, committed 7872K, reserved 1048576K
}
Event: 164.636 GC heap before
{Heap before GC invocations=45 (full 0):
 garbage-first heap   total reserved 30932992K, committed 6373376K, used 5137666K [0x0000001001000000, 0x0000001761000000)
  region size 16384K, 75 young (1228800K), 14 survivors (229376K)
 Metaspace       used 60910K, committed 62272K, reserved 1114112K
  class space    used 7239K, committed 7872K, reserved 1048576K
}
Event: 164.717 GC heap after
{Heap after GC invocations=46 (full 0):
 garbage-first heap   total reserved 30932992K, committed 6373376K, used 4216735K [0x0000001001000000, 0x0000001761000000)
  region size 16384K, 4 young (65536K), 4 survivors (65536K)
 Metaspace       used 60910K, committed 62272K, reserved 1114112K
  class space    used 7239K, committed 7872K, reserved 1048576K
}
Event: 166.713 GC heap before
{Heap before GC invocations=47 (full 0):
 garbage-first heap   total reserved 30932992K, committed 6455296K, used 5183391K [0x0000001001000000, 0x0000001761000000)
  region size 16384K, 86 young (1409024K), 4 survivors (65536K)
 Metaspace       used 60993K, committed 62400K, reserved 1114112K
  class space    used 7239K, committed 7872K, reserved 1048576K
}
Event: 166.771 GC heap after
{Heap after GC invocations=48 (full 0):
 garbage-first heap   total reserved 30932992K, committed 6455296K, used 3928217K [0x0000001001000000, 0x0000001761000000)
  region size 16384K, 8 young (131072K), 8 survivors (131072K)
 Metaspace       used 60993K, committed 62400K, reserved 1114112K
  class space    used 7239K, committed 7872K, reserved 1048576K
}
Event: 186.685 GC heap before
{Heap before GC invocations=48 (full 0):
 garbage-first heap   total reserved 30932992K, committed 6455296K, used 5681305K [0x0000001001000000, 0x0000001761000000)
  region size 16384K, 114 young (1867776K), 8 survivors (131072K)
 Metaspace       used 61035K, committed 62400K, reserved 1114112K
  class space    used 7239K, committed 7872K, reserved 1048576K
}
Event: 186.808 GC heap after
{Heap after GC invocations=49 (full 0):
 garbage-first heap   total reserved 30932992K, committed 6455296K, used 4356656K [0x0000001001000000, 0x0000001761000000)
  region size 16384K, 15 young (245760K), 15 survivors (245760K)
 Metaspace       used 61035K, committed 62400K, reserved 1114112K
  class space    used 7239K, committed 7872K, reserved 1048576K
}
Event: 191.072 GC heap before
{Heap before GC invocations=49 (full 0):
 garbage-first heap   total reserved 30932992K, committed 6455296K, used 5700144K [0x0000001001000000, 0x0000001761000000)
  region size 16384K, 98 young (1605632K), 15 survivors (245760K)
 Metaspace       used 61112K, committed 62464K, reserved 1114112K
  class space    used 7239K, committed 7872K, reserved 1048576K
}
Event: 191.156 GC heap after
{Heap after GC invocations=50 (full 0):
 garbage-first heap   total reserved 30932992K, committed 6455296K, used 4381257K [0x0000001001000000, 0x0000001761000000)
  region size 16384K, 7 young (114688K), 7 survivors (114688K)
 Metaspace       used 61112K, committed 62464K, reserved 1114112K
  class space    used 7239K, committed 7872K, reserved 1048576K
}
Event: 203.772 GC heap before
{Heap before GC invocations=50 (full 0):
 garbage-first heap   total reserved 30932992K, committed 6455296K, used 5757513K [0x0000001001000000, 0x0000001761000000)
  region size 16384K, 91 young (1490944K), 7 survivors (114688K)
 Metaspace       used 61140K, committed 62528K, reserved 1114112K
  class space    used 7239K, committed 7872K, reserved 1048576K
}
Event: 203.900 GC heap after
{Heap after GC invocations=51 (full 0):
 garbage-first heap   total reserved 30932992K, committed 6455296K, used 4766001K [0x0000001001000000, 0x0000001761000000)
  region size 16384K, 12 young (196608K), 12 survivors (196608K)
 Metaspace       used 61140K, committed 62528K, reserved 1114112K
  class space    used 7239K, committed 7872K, reserved 1048576K
}

Dll operation events (16 events):
Event: 0.013 Loaded shared library C:\Users\VWAUCCY\dev\msf\.jdk\jdk-22.0.2+9\bin\java.dll
Event: 0.063 Loaded shared library C:\Users\VWAUCCY\dev\msf\.jdk\jdk-22.0.2+9\bin\jsvml.dll
Event: 0.078 Loaded shared library C:\Users\VWAUCCY\dev\msf\.jdk\jdk-22.0.2+9\bin\net.dll
Event: 0.082 Loaded shared library C:\Users\VWAUCCY\dev\msf\.jdk\jdk-22.0.2+9\bin\nio.dll
Event: 0.086 Loaded shared library C:\Users\VWAUCCY\dev\msf\.jdk\jdk-22.0.2+9\bin\zip.dll
Event: 0.212 Loaded shared library C:\Users\VWAUCCY\dev\msf\.jdk\jdk-22.0.2+9\bin\jimage.dll
Event: 0.220 Loaded shared library C:\Users\VWAUCCY\dev\msf\.maven\maven\lib\jansi-native\Windows\x86_64\jansi.dll
Event: 0.232 Loaded shared library C:\Users\VWAUCCY\dev\msf\.jdk\jdk-22.0.2+9\bin\verify.dll
Event: 6.528 Loaded shared library C:\Users\VWAUCCY\dev\msf\.jdk\jdk-22.0.2+9\bin\management.dll
Event: 6.531 Loaded shared library C:\Users\VWAUCCY\dev\msf\.jdk\jdk-22.0.2+9\bin\management_ext.dll
Event: 7.586 Loaded shared library C:\Users\VWAUCCY\dev\msf\.jdk\jdk-22.0.2+9\bin\extnet.dll
Event: 50.149 Loaded shared library C:\Users\VWAUCCY\dev\msf\.jdk\jdk-22.0.2+9\bin\awt.dll
Event: 85.637 Loaded shared library C:\Users\VWAUCCY\dev\msf\.jdk\jdk-22.0.2+9\bin\freetype.dll
Event: 85.639 Loaded shared library C:\Users\VWAUCCY\dev\msf\.jdk\jdk-22.0.2+9\bin\fontmanager.dll
Event: 86.543 Loaded shared library C:\Windows\System32\ucrtbase.dll
Event: 86.545 Loaded shared library C:\Users\VWAUCCY\dev\msf\.jdk\jdk-22.0.2+9\bin\syslookup.dll

Deoptimization events (20 events):
Event: 189.771 Thread 0x000001a4c7ecbb50 Uncommon trap: trap_request=0xffffffde fr.pc=0x000001a4765be038 relative=0x00000000000021d8
Event: 189.771 Thread 0x000001a4c7ecbb50 Uncommon trap: reason=class_check action=maybe_recompile pc=0x000001a4765be038 method=org.matsim.core.mobsim.qsim.qnetsimengine.QueueWithBuffer.clearVehicles()V @ 32 c2
Event: 189.771 Thread 0x000001a4c7ecbb50 DEOPT PACKING pc=0x000001a4765be038 sp=0x0000000123cfe3a0
Event: 189.771 Thread 0x000001a4c7ecbb50 DEOPT UNPACKING pc=0x000001a475c17da2 sp=0x0000000123cfe370 mode 2
Event: 189.930 Thread 0x000001a4c7ecbb50 DEOPT PACKING pc=0x000001a46fb0946b sp=0x0000000123cfe170
Event: 189.930 Thread 0x000001a4c7ecbb50 DEOPT UNPACKING pc=0x000001a475c188e2 sp=0x0000000123cfd928 mode 0
Event: 189.947 Thread 0x000001a4c7ecbb50 Uncommon trap: trap_request=0xffffff6e fr.pc=0x000001a476ff9e94 relative=0x0000000000004614
Event: 189.947 Thread 0x000001a4c7ecbb50 Uncommon trap: reason=loop_limit_check action=maybe_recompile pc=0x000001a476ff9e94 method=java.text.DecimalFormat.subformatNumber(Ljava/lang/StringBuffer;Ljava/text/Format$FieldDelegate;ZZIIII)V @ 779 c2
Event: 189.947 Thread 0x000001a4c7ecbb50 DEOPT PACKING pc=0x000001a476ff9e94 sp=0x0000000123cfd430
Event: 189.947 Thread 0x000001a4c7ecbb50 DEOPT UNPACKING pc=0x000001a475c17da2 sp=0x0000000123cfd388 mode 2
Event: 190.168 Thread 0x000001a4c7ecbb50 Uncommon trap: trap_request=0xffffffc6 fr.pc=0x000001a4771063fc relative=0x000000000000143c
Event: 190.168 Thread 0x000001a4c7ecbb50 Uncommon trap: reason=bimorphic_or_optimized_type_check action=maybe_recompile pc=0x000001a4771063fc method=org.apache.commons.io.function.IOStream.of(Ljava/lang/Iterable;)Lorg/apache/commons/io/function/IOStream; @ 11 c2
Event: 190.168 Thread 0x000001a4c7ecbb50 DEOPT PACKING pc=0x000001a4771063fc sp=0x0000000123cfe300
Event: 190.168 Thread 0x000001a4c7ecbb50 DEOPT UNPACKING pc=0x000001a475c17da2 sp=0x0000000123cfe288 mode 2
Event: 190.211 Thread 0x000001a4c7ecbb50 Uncommon trap: trap_request=0xffffff5c fr.pc=0x000001a476e67478 relative=0x0000000000000078
Event: 190.211 Thread 0x000001a4c7ecbb50 Uncommon trap: reason=speculate_null_check action=make_not_entrant pc=0x000001a476e67478 method=jdk.internal.misc.Unsafe.putIntUnaligned(Ljava/lang/Object;JIZ)V @ 10 c2
Event: 190.211 Thread 0x000001a4c7ecbb50 DEOPT PACKING pc=0x000001a476e67478 sp=0x0000000123cfba20
Event: 190.211 Thread 0x000001a4c7ecbb50 DEOPT UNPACKING pc=0x000001a475c17da2 sp=0x0000000123cfb970 mode 2
Event: 192.651 Thread 0x000001a4c7ecbb50 DEOPT PACKING pc=0x000001a46ea6d47b sp=0x0000000123cfe130
Event: 192.651 Thread 0x000001a4c7ecbb50 DEOPT UNPACKING pc=0x000001a475c188e2 sp=0x0000000123cfd658 mode 0

Classes loaded (20 events):
Event: 214.211 Loading class java/awt/EventFilter$FilterAction
Event: 214.211 Loading class java/awt/EventFilter$FilterAction done
Event: 214.211 Loading class sun/awt/dnd/SunDragSourceContextPeer
Event: 214.212 Loading class java/awt/dnd/peer/DragSourceContextPeer
Event: 214.212 Loading class java/awt/dnd/peer/DragSourceContextPeer done
Event: 214.212 Loading class sun/awt/dnd/SunDragSourceContextPeer done
Event: 214.212 Loading class java/awt/EventQueue$4
Event: 214.212 Loading class java/awt/EventQueue$4 done
Event: 214.212 Loading class java/awt/MenuComponent
Event: 214.213 Loading class java/awt/MenuComponent done
Event: 214.213 Loading class java/awt/TrayIcon
Event: 214.213 Loading class java/awt/TrayIcon done
Event: 214.214 Loading class java/awt/event/InputMethodEvent
Event: 214.215 Loading class java/awt/event/InputMethodEvent done
Event: 214.215 Loading class java/awt/event/ActionEvent
Event: 214.215 Loading class java/awt/event/ActionEvent done
Event: 214.215 Loading class java/awt/SystemColor
Event: 214.215 Loading class java/awt/SystemColor done
Event: 214.215 Loading class sun/awt/AWTAccessor$SystemColorAccessor
Event: 214.216 Loading class sun/awt/AWTAccessor$SystemColorAccessor done

Classes unloaded (20 events):
Event: 111.584 Thread 0x000001a47f175030 Unloading class 0x000001a4815bb400 'java/lang/invoke/LambdaForm$MH+0x000001a4815bb400'
Event: 111.584 Thread 0x000001a47f175030 Unloading class 0x000001a4815bb000 'java/lang/invoke/LambdaForm$MH+0x000001a4815bb000'
Event: 111.584 Thread 0x000001a47f175030 Unloading class 0x000001a4815ba400 'java/lang/invoke/LambdaForm$MH+0x000001a4815ba400'
Event: 111.584 Thread 0x000001a47f175030 Unloading class 0x000001a4815ba800 'java/lang/invoke/LambdaForm$MH+0x000001a4815ba800'
Event: 111.584 Thread 0x000001a47f175030 Unloading class 0x000001a4815ba000 'java/lang/invoke/LambdaForm$MH+0x000001a4815ba000'
Event: 111.584 Thread 0x000001a47f175030 Unloading class 0x000001a4815b9800 'java/lang/invoke/LambdaForm$BMH+0x000001a4815b9800'
Event: 111.584 Thread 0x000001a47f175030 Unloading class 0x000001a4815b9400 'java/lang/invoke/LambdaForm$BMH+0x000001a4815b9400'
Event: 111.584 Thread 0x000001a47f175030 Unloading class 0x000001a4815b9000 'java/lang/invoke/LambdaForm$BMH+0x000001a4815b9000'
Event: 111.584 Thread 0x000001a47f175030 Unloading class 0x000001a4815b8c00 'java/lang/invoke/LambdaForm$BMH+0x000001a4815b8c00'
Event: 111.584 Thread 0x000001a47f175030 Unloading class 0x000001a4815b8800 'java/lang/invoke/LambdaForm$BMH+0x000001a4815b8800'
Event: 111.584 Thread 0x000001a47f175030 Unloading class 0x000001a4815b8400 'java/lang/invoke/LambdaForm$DMH+0x000001a4815b8400'
Event: 111.584 Thread 0x000001a47f175030 Unloading class 0x000001a4815b8000 'java/lang/invoke/LambdaForm$DMH+0x000001a4815b8000'
Event: 111.584 Thread 0x000001a47f175030 Unloading class 0x000001a4815b7800 'java/lang/invoke/LambdaForm$DMH+0x000001a4815b7800'
Event: 111.584 Thread 0x000001a47f175030 Unloading class 0x000001a4815b7c00 'java/lang/invoke/LambdaForm$DMH+0x000001a4815b7c00'
Event: 111.584 Thread 0x000001a47f175030 Unloading class 0x000001a4815b7000 'java/lang/invoke/LambdaForm$DMH+0x000001a4815b7000'
Event: 111.584 Thread 0x000001a47f175030 Unloading class 0x000001a4815b6000 'java/lang/invoke/LambdaForm$DMH+0x000001a4815b6000'
Event: 111.584 Thread 0x000001a47f175030 Unloading class 0x000001a4815b5c00 'java/lang/invoke/LambdaForm$DMH+0x000001a4815b5c00'
Event: 111.584 Thread 0x000001a47f175030 Unloading class 0x000001a4815b5800 'java/lang/invoke/LambdaForm$DMH+0x000001a4815b5800'
Event: 111.584 Thread 0x000001a47f175030 Unloading class 0x000001a4815b5400 'java/lang/invoke/LambdaForm$DMH+0x000001a4815b5400'
Event: 111.584 Thread 0x000001a47f175030 Unloading class 0x000001a4815b5000 'java/lang/invoke/LambdaForm$DMH+0x000001a4815b5000'

Classes redefined (0 events):
No events

Internal exceptions (20 events):
Event: 87.287 Thread 0x000001a47fbfb9c0 Exception <a 'java/lang/NoSuchMethodError'{0x000000110c6eb810}: 'java.lang.Object java.lang.invoke.DirectMethodHandle$Holder.newInvokeSpecial(java.lang.Object, java.lang.Object, java.lang.Object, double)'> (0x000000110c6eb810) 
thrown [s\src\hotspot\share\interpreter\linkResolver.cpp, line 774]
Event: 87.287 Thread 0x000001a47fbfc050 Exception <a 'java/lang/NoSuchMethodError'{0x000000110ca279a0}: 'java.lang.Object java.lang.invoke.DirectMethodHandle$Holder.newInvokeSpecial(java.lang.Object, java.lang.Object, java.lang.Object, double)'> (0x000000110ca279a0) 
thrown [s\src\hotspot\share\interpreter\linkResolver.cpp, line 774]
Event: 87.301 Thread 0x000001a47fbfcd70 Exception <a 'java/lang/NoSuchMethodError'{0x000000110c59ff88}: 'long java.lang.invoke.DirectMethodHandle$Holder.invokeSpecial(java.lang.Object, java.lang.Object, long, java.lang.Object, java.lang.Object, java.lang.Object, java.lang.Object, int)'> (0x000000110c59ff88) 
thrown [s\src\hotspot\share\interpreter\linkResolver.cpp, line 774]
Event: 87.304 Thread 0x000001a47fbfcd70 Exception <a 'java/lang/NoSuchMethodError'{0x000000110c5b3670}: 'long java.lang.invoke.DirectMethodHandle$Holder.invokeSpecial(java.lang.Object, java.lang.Object, java.lang.Object, java.lang.Object, java.lang.Object, int)'> (0x000000110c5b3670) 
thrown [s\src\hotspot\share\interpreter\linkResolver.cpp, line 774]
Event: 87.306 Thread 0x000001a47fbffb60 Exception <a 'java/lang/NoSuchMethodError'{0x000000110cd90740}: 'java.lang.Object java.lang.invoke.DirectMethodHandle$Holder.invokeSpecial(java.lang.Object, java.lang.Object, java.lang.Object, java.lang.Object, java.lang.Object, int)'> (0x000000110cd90740) 
thrown [s\src\hotspot\share\interpreter\linkResolver.cpp, line 774]
Event: 87.306 Thread 0x000001a47fbfcd70 Exception <a 'java/lang/NoSuchMethodError'{0x000000110c5bc570}: 'java.lang.Object java.lang.invoke.DirectMethodHandle$Holder.invokeSpecial(java.lang.Object, java.lang.Object, java.lang.Object, java.lang.Object, java.lang.Object, int)'> (0x000000110c5bc570) 
thrown [s\src\hotspot\share\interpreter\linkResolver.cpp, line 774]
Event: 87.306 Thread 0x000001a47fbffb60 Exception <a 'java/lang/NoSuchMethodError'{0x000000110cd93f10}: 'java.lang.Object java.lang.invoke.Invokers$Holder.linkToTargetMethod(java.lang.Object, java.lang.Object, java.lang.Object, int, java.lang.Object)'> (0x000000110cd93f10) 
thrown [s\src\hotspot\share\interpreter\linkResolver.cpp, line 774]
Event: 87.306 Thread 0x000001a47fbfcd70 Exception <a 'java/lang/NoSuchMethodError'{0x000000110c5bf808}: 'java.lang.Object java.lang.invoke.Invokers$Holder.linkToTargetMethod(java.lang.Object, java.lang.Object, java.lang.Object, int, java.lang.Object)'> (0x000000110c5bf808) 
thrown [s\src\hotspot\share\interpreter\linkResolver.cpp, line 774]
Event: 87.736 Thread 0x000001a47fbfcd70 Implicit null exception at 0x000001a476942e40 to 0x000001a476943a00
Event: 88.470 Thread 0x000001a47fbfd400 Implicit null exception at 0x000001a47706d86a to 0x000001a477072390
Event: 88.471 Thread 0x000001a47fbfd400 Implicit null exception at 0x000001a477033d77 to 0x000001a477035d18
Event: 88.471 Thread 0x000001a47fbfc050 Implicit null exception at 0x000001a4770265f7 to 0x000001a477026854
Event: 88.488 Thread 0x000001a47fbfc050 Implicit null exception at 0x000001a477043b37 to 0x000001a477044778
Event: 88.488 Thread 0x000001a47fbfd400 Implicit null exception at 0x000001a477043b37 to 0x000001a477044778
Event: 90.704 Thread 0x000001a4c7ecbb50 Exception <a 'java/lang/NoSuchMethodError'{0x00000010f22a5dd0}: 'void java.lang.invoke.DirectMethodHandle$Holder.invokeSpecial(java.lang.Object, java.lang.Object, double)'> (0x00000010f22a5dd0) 
thrown [s\src\hotspot\share\interpreter\linkResolver.cpp, line 774]
Event: 91.093 Thread 0x000001a47fbfcd70 Implicit null exception at 0x000001a476fd9082 to 0x000001a476fd9589
Event: 92.676 Thread 0x000001a47fbfcd70 Implicit null exception at 0x000001a476aa8f32 to 0x000001a476aa9728
Event: 113.752 Thread 0x000001a4c7ecbb50 Implicit null exception at 0x000001a476617b81 to 0x000001a476618830
Event: 113.799 Thread 0x000001a4c7ecbb50 Implicit null exception at 0x000001a47705ee34 to 0x000001a47705f4f8
Event: 214.216 Thread 0x000001a4c7e3d2b0 Exception <a 'java/lang/NoSuchMethodError'{0x0000001147539fa0}: 'void java.lang.invoke.DirectMethodHandle$Holder.invokeStaticInit(java.lang.Object)'> (0x0000001147539fa0) 
thrown [s\src\hotspot\share\interpreter\linkResolver.cpp, line 774]

ZGC Phase Switch (0 events):
No events

VM Operations (20 events):
Event: 179.725 Executing VM operation: Cleanup
Event: 179.725 Executing VM operation: Cleanup done
Event: 180.473 Executing VM operation: HandshakeAllThreads (HandshakeForDeflation)
Event: 180.473 Executing VM operation: HandshakeAllThreads (HandshakeForDeflation) done
Event: 180.473 Executing VM operation: RendezvousGCThreads
Event: 180.473 Executing VM operation: RendezvousGCThreads done
Event: 186.685 Executing VM operation: G1CollectForAllocation (G1 Evacuation Pause)
Event: 186.808 Executing VM operation: G1CollectForAllocation (G1 Evacuation Pause) done
Event: 190.850 Executing VM operation: Cleanup
Event: 190.850 Executing VM operation: Cleanup done
Event: 191.072 Executing VM operation: G1CollectForAllocation (G1 Evacuation Pause)
Event: 191.156 Executing VM operation: G1CollectForAllocation (G1 Evacuation Pause) done
Event: 192.171 Executing VM operation: Cleanup
Event: 192.171 Executing VM operation: Cleanup done
Event: 193.186 Executing VM operation: Cleanup
Event: 193.186 Executing VM operation: Cleanup done
Event: 203.772 Executing VM operation: G1CollectForAllocation (G1 Evacuation Pause)
Event: 203.900 Executing VM operation: G1CollectForAllocation (G1 Evacuation Pause) done
Event: 205.928 Executing VM operation: Cleanup
Event: 205.928 Executing VM operation: Cleanup done

Memory protections (0 events):
No events

Nmethod flushes (20 events):
Event: 166.360 Thread 0x000001a47f175030 flushing  nmethod 0x000001a46fe37610
Event: 166.360 Thread 0x000001a47f175030 flushing  nmethod 0x000001a46fe46d90
Event: 166.360 Thread 0x000001a47f175030 flushing  nmethod 0x000001a46fe7f310
Event: 166.360 Thread 0x000001a47f175030 flushing  nmethod 0x000001a46fe84110
Event: 166.360 Thread 0x000001a47f175030 flushing  nmethod 0x000001a46fe84b90
Event: 166.360 Thread 0x000001a47f175030 flushing  nmethod 0x000001a46fe95990
Event: 166.360 Thread 0x000001a47f175030 flushing  nmethod 0x000001a46fef5290
Event: 166.360 Thread 0x000001a47f175030 flushing  nmethod 0x000001a46fef6d10
Event: 166.360 Thread 0x000001a47f175030 flushing  nmethod 0x000001a46fef7e10
Event: 166.360 Thread 0x000001a47f175030 flushing  nmethod 0x000001a46eeec810
Event: 166.360 Thread 0x000001a47f175030 flushing  nmethod 0x000001a46f295510
Event: 166.360 Thread 0x000001a47f175030 flushing  nmethod 0x000001a46f295e90
Event: 166.360 Thread 0x000001a47f175030 flushing  nmethod 0x000001a46f299c90
Event: 166.360 Thread 0x000001a47f175030 flushing  nmethod 0x000001a46f794e10
Event: 166.360 Thread 0x000001a47f175030 flushing  nmethod 0x000001a46f945610
Event: 166.360 Thread 0x000001a47f175030 flushing  nmethod 0x000001a46f946390
Event: 166.360 Thread 0x000001a47f175030 flushing  nmethod 0x000001a46f947890
Event: 166.360 Thread 0x000001a47f175030 flushing  nmethod 0x000001a46fbcec90
Event: 166.360 Thread 0x000001a47f175030 flushing  nmethod 0x000001a46fbd0890
Event: 166.360 Thread 0x000001a47f175030 flushing  nmethod 0x000001a46fc2f590

Events (20 events):
Event: 191.857 Thread 0x000001a4c7ecbb50 Thread added: 0x000001a47fbfb9c0
Event: 191.857 Thread 0x000001a4c7ecbb50 Thread added: 0x000001a47fbfc050
Event: 191.882 Thread 0x000001a47fbfda90 Thread exited: 0x000001a47fbfda90
Event: 191.883 Thread 0x000001a47fbfcd70 Thread exited: 0x000001a47fbfcd70
Event: 191.883 Thread 0x000001a47fbfee40 Thread exited: 0x000001a47fbfee40
Event: 191.883 Thread 0x000001a47fbfb9c0 Thread exited: 0x000001a47fbfb9c0
Event: 191.884 Thread 0x000001a47fbfe7b0 Thread exited: 0x000001a47fbfe7b0
Event: 191.884 Thread 0x000001a47fbfc050 Thread exited: 0x000001a47fbfc050
Event: 192.611 Thread 0x000001a4c7ecbb50 Thread added: 0x000001a47fbfe7b0
Event: 192.813 Thread 0x000001a4c7ecbb50 Thread added: 0x000001a47fbfee40
Event: 192.813 Thread 0x000001a4c7ecbb50 Thread added: 0x000001a47fbfda90
Event: 192.813 Thread 0x000001a4c7ecbb50 Thread added: 0x000001a47fbfb9c0
Event: 192.814 Thread 0x000001a4c7ecbb50 Thread added: 0x000001a47fbfc050
Event: 192.814 Thread 0x000001a4c7ecbb50 Thread added: 0x000001a47fbff4d0
Event: 192.814 Thread 0x000001a4c7ecbb50 Thread added: 0x000001a47fbfcd70
Event: 192.814 Thread 0x000001a4c7ecbb50 Thread added: 0x000001a47fc02950
Event: 192.814 Thread 0x000001a4c7ecbb50 Thread added: 0x000001a47fc02fe0
Event: 197.880 Thread 0x000001a4c5b76160 Thread exited: 0x000001a4c5b76160
Event: 213.922 Thread 0x000001a4c7e3d2b0 Thread added: 0x000001a47fc00880
Event: 214.208 Thread 0x000001a4c7e3d2b0 Thread added: 0x000001a47fc015a0


Dynamic libraries:
0x00007ff796c00000 - 0x00007ff796c0e000 	C:\Users\VWAUCCY\dev\msf\.jdk\jdk-22.0.2+9\bin\java.exe
0x00007ffac2320000 - 0x00007ffac2587000 	C:\WINDOWS\SYSTEM32\ntdll.dll
0x00007ffac18c0000 - 0x00007ffac1989000 	C:\WINDOWS\System32\KERNEL32.DLL
0x00007ffabfb50000 - 0x00007ffabff41000 	C:\WINDOWS\System32\KERNELBASE.dll
0x00007ffabec00000 - 0x00007ffabed4b000 	C:\WINDOWS\System32\ucrtbase.dll
0x00007ffa25710000 - 0x00007ffa25727000 	C:\Users\VWAUCCY\dev\msf\.jdk\jdk-22.0.2+9\bin\jli.dll
0x00007ffa256a0000 - 0x00007ffa256bb000 	C:\Users\VWAUCCY\dev\msf\.jdk\jdk-22.0.2+9\bin\VCRUNTIME140.dll
0x00007ffac0db0000 - 0x00007ffac0f75000 	C:\WINDOWS\System32\USER32.dll
0x00007ffabf870000 - 0x00007ffabf897000 	C:\WINDOWS\System32\win32u.dll
0x00007ffa974f0000 - 0x00007ffa97783000 	C:\WINDOWS\WinSxS\amd64_microsoft.windows.common-controls_6595b64144ccf1df_6.0.26100.8037_none_3e092faae333b53b\COMCTL32.dll
0x00007ffac0bd0000 - 0x00007ffac0bfb000 	C:\WINDOWS\System32\GDI32.dll
0x00007ffac2050000 - 0x00007ffac20f9000 	C:\WINDOWS\System32\msvcrt.dll
0x00007ffabf740000 - 0x00007ffabf86b000 	C:\WINDOWS\System32\gdi32full.dll
0x00007ffabfaa0000 - 0x00007ffabfb43000 	C:\WINDOWS\System32\msvcp_win.dll
0x00007ffac22a0000 - 0x00007ffac22d1000 	C:\WINDOWS\System32\IMM32.DLL
0x00007ffa7c610000 - 0x00007ffa7c6b4000 	C:\Program Files\McAfee\Endpoint Security\Threat Prevention\Ips\EpMPApi.dll
0x00007ffac00c0000 - 0x00007ffac01d8000 	C:\WINDOWS\System32\RPCRT4.dll
0x00007ffac1720000 - 0x00007ffac17db000 	C:\WINDOWS\System32\ADVAPI32.dll
0x00007ffac0d00000 - 0x00007ffac0da7000 	C:\WINDOWS\System32\sechost.dll
0x00007ffabfa10000 - 0x00007ffabfa91000 	C:\WINDOWS\System32\WINTRUST.dll
0x00007ffabf5c0000 - 0x00007ffabf737000 	C:\WINDOWS\System32\CRYPT32.dll
0x00007ffabe300000 - 0x00007ffabe313000 	C:\WINDOWS\SYSTEM32\MSASN1.dll
0x000000006f670000 - 0x000000006f67c000 	C:\Program Files\McAfee\Endpoint Security\Threat Prevention\Ips\EpMPThe.dll
0x00007ffa7c7e0000 - 0x00007ffa7c83c000 	C:\Program Files\McAfee\Endpoint Security\Threat Prevention\Ips\HIPHandlers64.dll
0x00007ffac0fb0000 - 0x00007ffac170f000 	C:\WINDOWS\System32\SHELL32.dll
0x00007ffabf8a0000 - 0x00007ffabfa0a000 	C:\WINDOWS\System32\wintypes.dll
0x00007ffac1c60000 - 0x00007ffac1fe2000 	C:\WINDOWS\System32\combase.dll
0x00007ffac1b10000 - 0x00007ffac1b77000 	C:\WINDOWS\System32\SHLWAPI.dll
0x00007ffabed50000 - 0x00007ffabf5b4000 	C:\WINDOWS\System32\Windows.Storage.dll
0x00007ffabcf90000 - 0x00007ffabcfc3000 	C:\WINDOWS\SYSTEM32\IPHLPAPI.DLL
0x00007ffaa3640000 - 0x00007ffaa3882000 	C:\WINDOWS\SYSTEM32\dbghelp.dll
0x00007ffac03f0000 - 0x00007ffac04c7000 	C:\WINDOWS\System32\OLEAUT32.dll
0x000001a465460000 - 0x000001a4655f5000 	C:\WINDOWS\System32\ole32.dll
0x00007ffab4200000 - 0x00007ffab420c000 	C:\Users\VWAUCCY\dev\msf\.jdk\jdk-22.0.2+9\bin\vcruntime140_1.dll
0x00007ffa251c0000 - 0x00007ffa2524e000 	C:\Users\VWAUCCY\dev\msf\.jdk\jdk-22.0.2+9\bin\msvcp140.dll
0x00007ffa1f940000 - 0x00007ffa20703000 	C:\Users\VWAUCCY\dev\msf\.jdk\jdk-22.0.2+9\bin\server\jvm.dll
0x00007ffac0b50000 - 0x00007ffac0bc4000 	C:\WINDOWS\System32\WS2_32.dll
0x00007ffabea80000 - 0x00007ffabeade000 	C:\WINDOWS\SYSTEM32\POWRPROF.dll
0x00007ffab8760000 - 0x00007ffab876b000 	C:\WINDOWS\SYSTEM32\VERSION.dll
0x00007ffab3d50000 - 0x00007ffab3d85000 	C:\WINDOWS\SYSTEM32\WINMM.dll
0x00007ffabea60000 - 0x00007ffabea74000 	C:\WINDOWS\SYSTEM32\UMPDC.dll
0x00007ffabd820000 - 0x00007ffabd83b000 	C:\WINDOWS\SYSTEM32\kernel.appcore.dll
0x00007ffa32700000 - 0x00007ffa3270a000 	C:\Users\VWAUCCY\dev\msf\.jdk\jdk-22.0.2+9\bin\jimage.dll
0x00007ffa9cd20000 - 0x00007ffa9cd5b000 	C:\WINDOWS\SYSTEM32\dbgcore.DLL
0x00007ffac0010000 - 0x00007ffac00b5000 	C:\WINDOWS\System32\bcryptPrimitives.dll
0x00007ffa251a0000 - 0x00007ffa251be000 	C:\Users\VWAUCCY\dev\msf\.jdk\jdk-22.0.2+9\bin\java.dll
0x00007ffac0c00000 - 0x00007ffac0cf7000 	C:\WINDOWS\System32\SHCORE.dll
0x00007ffabeb20000 - 0x00007ffabeb49000 	C:\WINDOWS\SYSTEM32\profapi.dll
0x00007ffa25510000 - 0x00007ffa255e7000 	C:\Users\VWAUCCY\dev\msf\.jdk\jdk-22.0.2+9\bin\jsvml.dll
0x00007ffa2ec20000 - 0x00007ffa2ec30000 	C:\Users\VWAUCCY\dev\msf\.jdk\jdk-22.0.2+9\bin\net.dll
0x00007ffabdea0000 - 0x00007ffabdf0b000 	C:\WINDOWS\system32\mswsock.dll
0x00007ffa256d0000 - 0x00007ffa256e6000 	C:\Users\VWAUCCY\dev\msf\.jdk\jdk-22.0.2+9\bin\nio.dll
0x00007ffa25680000 - 0x00007ffa25697000 	C:\Users\VWAUCCY\dev\msf\.jdk\jdk-22.0.2+9\bin\zip.dll
0x0000000069ac0000 - 0x0000000069ae4000 	C:\Users\VWAUCCY\dev\msf\.maven\maven\lib\jansi-native\Windows\x86_64\jansi.dll
0x00007ffa25650000 - 0x00007ffa25660000 	C:\Users\VWAUCCY\dev\msf\.jdk\jdk-22.0.2+9\bin\verify.dll
0x00007ffa9d570000 - 0x00007ffa9d57a000 	C:\Users\VWAUCCY\dev\msf\.jdk\jdk-22.0.2+9\bin\management.dll
0x00007ffa9d520000 - 0x00007ffa9d52b000 	C:\Users\VWAUCCY\dev\msf\.jdk\jdk-22.0.2+9\bin\management_ext.dll
0x00007ffac0b40000 - 0x00007ffac0b48000 	C:\WINDOWS\System32\PSAPI.DLL
0x00007ffa9da90000 - 0x00007ffa9daa8000 	C:\WINDOWS\system32\napinsp.dll
0x00007ffabcfd0000 - 0x00007ffabd0fa000 	C:\WINDOWS\SYSTEM32\DNSAPI.dll
0x00007ffac03e0000 - 0x00007ffac03ea000 	C:\WINDOWS\System32\NSI.dll
0x00007ffa9dab0000 - 0x00007ffa9dac2000 	C:\WINDOWS\System32\winrnr.dll
0x00007ffa9df90000 - 0x00007ffa9dfb2000 	C:\WINDOWS\system32\nlansp_c.dll
0x00007ffa9e070000 - 0x00007ffa9e086000 	C:\WINDOWS\system32\wshbth.dll
0x00007ffab8840000 - 0x00007ffab884b000 	C:\Windows\System32\rasadhlp.dll
0x00007ffab9970000 - 0x00007ffab99f6000 	C:\WINDOWS\System32\fwpuclnt.dll
0x00007ffaad2c0000 - 0x00007ffaad2c9000 	C:\Users\VWAUCCY\dev\msf\.jdk\jdk-22.0.2+9\bin\extnet.dll
0x00007ffa1f140000 - 0x00007ffa1f2cd000 	C:\Users\VWAUCCY\dev\msf\.jdk\jdk-22.0.2+9\bin\awt.dll
0x00007ffabc210000 - 0x00007ffabc2af000 	C:\WINDOWS\SYSTEM32\apphelp.dll
0x00007ffabe2a0000 - 0x00007ffabe2bb000 	C:\WINDOWS\SYSTEM32\CRYPTSP.dll
0x00007ffabd780000 - 0x00007ffabd7b9000 	C:\WINDOWS\system32\rsaenh.dll
0x00007ffabdf50000 - 0x00007ffabdf82000 	C:\WINDOWS\SYSTEM32\USERENV.dll
0x00007ffabeaf0000 - 0x00007ffabeb1a000 	C:\WINDOWS\SYSTEM32\bcrypt.dll
0x00007ffabe280000 - 0x00007ffabe28c000 	C:\WINDOWS\SYSTEM32\CRYPTBASE.dll
0x00007ffabc5d0000 - 0x00007ffabc5fe000 	C:\WINDOWS\system32\DWMAPI.DLL
0x00007ffabc330000 - 0x00007ffabc3da000 	C:\WINDOWS\system32\uxtheme.dll
0x00007ffa1f0b0000 - 0x00007ffa1f137000 	C:\Users\VWAUCCY\dev\msf\.jdk\jdk-22.0.2+9\bin\freetype.dll
0x00007ffa1efd0000 - 0x00007ffa1f0a8000 	C:\Users\VWAUCCY\dev\msf\.jdk\jdk-22.0.2+9\bin\fontmanager.dll
0x00007ffa1eeb0000 - 0x00007ffa1efbe000 	C:\WINDOWS\system32\opengl32.dll
0x00007ffa77050000 - 0x00007ffa7707d000 	C:\WINDOWS\SYSTEM32\GLU32.dll
0x00007ffabc410000 - 0x00007ffabc453000 	C:\WINDOWS\SYSTEM32\dxcore.dll
0x00007ffac0280000 - 0x00007ffac03dd000 	C:\WINDOWS\System32\MSCTF.dll
0x00007ffab8850000 - 0x00007ffab888b000 	C:\WINDOWS\SYSTEM32\cryptnet.dll
0x00007ffabe770000 - 0x00007ffabe7c7000 	C:\WINDOWS\SYSTEM32\cfgmgr32.dll
0x00007ffac0f80000 - 0x00007ffac0fa0000 	C:\WINDOWS\System32\imagehlp.dll
0x00007ffabe190000 - 0x00007ffabe1f8000 	C:\WINDOWS\SYSTEM32\wldp.dll
0x00007ffab84f0000 - 0x00007ffab8668000 	C:\WINDOWS\SYSTEM32\drvstore.dll
0x00007ffabe740000 - 0x00007ffabe76d000 	C:\WINDOWS\SYSTEM32\devobj.dll
0x00007ffabdf10000 - 0x00007ffabdf40000 	C:\WINDOWS\SYSTEM32\gpapi.dll
0x00007ffa7aba0000 - 0x00007ffa7ad57000 	C:\WINDOWS\System32\DriverStore\FileRepository\nvwu.inf_amd64_b031a0c199a648fa\nvppex.dll
0x00007ffab8130000 - 0x00007ffab8139000 	C:\Users\VWAUCCY\dev\msf\.jdk\jdk-22.0.2+9\bin\syslookup.dll

dbghelp: loaded successfully - version: 4.0.5 - missing functions: none
symbol engine: initialized successfully - sym options: 0x614 - pdb path: .;C:\Users\VWAUCCY\dev\msf\.jdk\jdk-22.0.2+9\bin;C:\WINDOWS\SYSTEM32;C:\WINDOWS\WinSxS\amd64_microsoft.windows.common-controls_6595b64144ccf1df_6.0.26100.8037_none_3e092faae333b53b;C:\Program Files\McAfee\Endpoint Security\Threat Prevention\Ips;C:\Users\VWAUCCY\dev\msf\.jdk\jdk-22.0.2+9\bin\server;C:\Users\VWAUCCY\dev\msf\.maven\maven\lib\jansi-native\Windows\x86_64;C:\WINDOWS\System32\DriverStore\FileRepository\nvwu.inf_amd64_b031a0c199a648fa

VM Arguments:
jvm_args: -Dclassworlds.conf=C:\Users\VWAUCCY\dev\msf\.maven\maven\bin\m2.conf -Dmaven.home=C:\Users\VWAUCCY\dev\msf\.maven\maven -Dlibrary.jansi.path=C:\Users\VWAUCCY\dev\msf\.maven\maven\lib\jansi-native -Dmaven.multiModuleProjectDirectory=C:\Users\VWAUCCY\dev\msf\projects\Dissertation\matsim-libs\contribs\drt-demand-extraction 
java_command: org.codehaus.plexus.classworlds.launcher.Launcher exec:java -o -Dexec.mainClass=org.matsim.contrib.demand_extraction.run.RunBavariaBaseSimulation -Dexec.args=--scenario-path C:\Users\VWAUCCY\dev\msf\projects\Dissertation\matsim_scenarios\bavaria\output\kelheim_30km_100pct --population C:\Users\VWAUCCY\dev\msf\projects\Dissertation\matsim_scenarios\bavaria\output\populations\population_1pct_kelheim30km.xml.gz --sample 100 --capacity 3 --iterations 60 --dmc-start-rate 0.20 --dmc-end-rate 0.05 --output-dir C:\Users\VWAUCCY\dev\msf\projects\Dissertation\matsim_scenarios\bavaria\calibration\boptx\work_base\c29c098fa0a3ed5e766b39d437541188\output --asc-overrides C:\Users\VWAUCCY\dev\msf\projects\Dissertation\matsim_scenarios\bavaria\calibration\boptx\work_base\c29c098fa0a3ed5e766b39d437541188\asc_overrides.json -Denforcer.skip=true
java_class_path (initial): C:\Users\VWAUCCY\dev\msf\.maven\maven\boot\plexus-classworlds-2.7.0.jar
Launcher Type: SUN_STANDARD

[Global flags]
     intx CICompilerCount                          = 12                                        {product} {ergonomic}
     uint ConcGCThreads                            = 3                                         {product} {ergonomic}
     uint G1ConcRefinementThreads                  = 13                                        {product} {ergonomic}
   size_t G1HeapRegionSize                         = 16777216                                  {product} {ergonomic}
   size_t InitialHeapSize                          = 2147483648                                {product} {ergonomic}
   size_t MarkStackSize                            = 4194304                                   {product} {ergonomic}
   size_t MaxHeapSize                              = 31675383808                               {product} {ergonomic}
   size_t MaxNewSize                               = 18991808512                               {product} {ergonomic}
   size_t MinHeapDeltaBytes                        = 16777216                                  {product} {ergonomic}
   size_t MinHeapSize                              = 16777216                                  {product} {ergonomic}
    uintx NonNMethodCodeHeapSize                   = 7602480                                {pd product} {ergonomic}
    uintx NonProfiledCodeHeapSize                  = 122027880                              {pd product} {ergonomic}
    uintx ProfiledCodeHeapSize                     = 122027880                              {pd product} {ergonomic}
    uintx ReservedCodeCacheSize                    = 251658240                              {pd product} {ergonomic}
     bool SegmentedCodeCache                       = true                                      {product} {ergonomic}
   size_t SoftMaxHeapSize                          = 31675383808                            {manageable} {ergonomic}
     bool UseCompressedOops                        = true                           {product lp64_product} {ergonomic}
     bool UseG1GC                                  = true                                      {product} {ergonomic}
     bool UseLargePagesIndividualAllocation        = false                                  {pd product} {ergonomic}

Logging:
Log output configuration:
 #0: stdout all=warning uptime,level,tags foldmultilines=false
 #1: stderr all=off uptime,level,tags foldmultilines=false

Environment Variables:
JAVA_HOME=C:\Users\VWAUCCY\dev\msf\.jdk\jdk-22.0.2+9
PATH=C:\Users\VWAUCCY\AppData\Local\miniconda3\condabin;C:\Users\VWAUCCY\bin;C:\Program Files\Git\mingw64\bin;C:\Program Files\Git\usr\local\bin;C:\Program Files\Git\usr\bin;C:\Program Files\Git\usr\bin;C:\Program Files\Git\mingw64\bin;C:\Program Files\Git\usr\bin;C:\Users\VWAUCCY\bin;C:\Users\VWAUCCY\dev\msf\projects\Dissertation\ExmasCommuters\.venv\Scripts;C:\Program Files\WindowsApps\Microsoft.PowerShell_7.6.0.0_x64__8wekyb3d8bbwe;C:\Users\VWAUCCY\AppData\Roaming\Code\User\globalStorage\github.copilot-chat\debugCommand;C:\Users\VWAUCCY\AppData\Roaming\Code\User\globalStorage\github.copilot-chat\copilotCli;C:\Users\VWAUCCY\AppData\Local\Programs\Microsoft VS Code;C:\WINDOWS\system32;C:\WINDOWS;C:\WINDOWS\System32\Wbem;C:\WINDOWS\System32\WindowsPowerShell\v1.0;C:\WINDOWS\System32\OpenSSH;C:\Program Files\Git\cmd;C:\Program Files\Git LFS;C:\Users\VWAUCCY\dev\msf\.jdk\jdk-22.0.2+9\bin;C:\Portable\npm-global;C:\Portable\node\node-v24.11.0-win-x64;C:\Program Files\WindowsApps\Microsoft.PowerShell_7.5.4.0_x64__8wekyb3d8bbwe;C:\WINDOWS\system32;C:\WINDOWS;C:\WINDOWS\System32\Wbem;C:\WINDOWS\System32\WindowsPowerShell\v1.0;C:\WINDOWS\System32\OpenSSH;C:\Program Files\Git\cmd;C:\Program Files\Git LFS;C:\Users\VWAUCCY\dev\msf\.maven\maven\bin;C:\Users\VWAUCCY\dev\msf\.jdk\jdk-21.0.2+13\bin;C:\Users\VWAUCCY\AppData\Local\Programs\Microsoft VS Code\bin;C:\Programs\WPy64-31131\python-3.11.3.amd64;C:\Programs\WPy64-31131\python-3.11.3.amd64\Scripts;C:\Users\VWAUCCY\AppData\Local\Microsoft\WindowsApps;C:\Portable\npm-global;C:\Users\VWAUCCY\.local\bin;C:\Users\VWAUCCY\.vscode\extensions\ms-python.debugpy-2025.18.0-win32-x64\bundled\scripts\noConfigScriptsc;C:\Program Files\Git\Users\VWAUCCY\.vscode\extensions\vscjava.vscode-java-debug-0.58.5\bundled\scripts\noConfigScripts;C:\Program Files\Git\usr\bin\vendor_perl;C:\Program Files\Git\usr\bin\core_perl
USERNAME=VWAUCCY
SHELL=C:\Program Files\Git\usr\bin\bash.exe
LANG=en_US.UTF-8
TERM=xterm-256color
OS=Windows_NT
PROCESSOR_IDENTIFIER=Intel64 Family 6 Model 85 Stepping 7, GenuineIntel
TMP=C:\Users\VWAUCCY\AppData\Local\Temp
TEMP=C:\Users\VWAUCCY\AppData\Local\Temp




Periodic native trim disabled

---------------  S Y S T E M  ---------------

OS:
 Windows 11 , 64 bit Build 26100 (10.0.26100.7920)
OS uptime: 2 days 11:57 hours
Hyper-V role detected

CPU: total 16 (initial active 16) (8 cores per cpu, 2 threads per core) family 6 model 85 stepping 7 microcode 0x5003901, cx8, cmov, fxsr, ht, mmx, 3dnowpref, sse, sse2, sse3, ssse3, sse4.1, sse4.2, popcnt, lzcnt, tsc, tscinvbit, avx, avx2, aes, erms, clmul, bmi1, bmi2, adx, avx512f, avx512dq, avx512cd, avx512bw, avx512vl, fma, vzeroupper, avx512_vnni, clflush, clflushopt, clwb, hv, rdtscp, f16c
Processor Information for all 16 processors :
  Max Mhz: 3292, Current Mhz: 3292, Mhz Limit: 3292

Memory: 4k page, system-wide physical 130775M (102153M free)
TotalPageFile size 170313M (AvailPageFile size 93588M)
current process WorkingSet (physical memory assigned to process): 6700M, peak: 6716M
current process commit charge ("private bytes"): 6803M, peak: 6833M

vm_info: OpenJDK 64-Bit Server VM (22.0.2+9) for windows-amd64 JRE (22.0.2+9), built on 2024-07-16T00:00:00Z by "admin" with MS VC++ 17.7 (VS2022)

END.
